-- phpMyAdmin SQL Dump
-- version 5.2.1
-- https://www.phpmyadmin.net/
--
-- Host: 127.0.0.1
-- Generation Time: Aug 20, 2024 at 02:31 PM
-- Server version: 10.4.32-MariaDB
-- PHP Version: 8.2.12

SET SQL_MODE = "NO_AUTO_VALUE_ON_ZERO";
START TRANSACTION;
SET time_zone = "+00:00";


/*!40101 SET @OLD_CHARACTER_SET_CLIENT=@@CHARACTER_SET_CLIENT */;
/*!40101 SET @OLD_CHARACTER_SET_RESULTS=@@CHARACTER_SET_RESULTS */;
/*!40101 SET @OLD_COLLATION_CONNECTION=@@COLLATION_CONNECTION */;
/*!40101 SET NAMES utf8mb4 */;

--
-- Database: `e-com-multi-laravel`
--

-- --------------------------------------------------------

--
-- Table structure for table `admins`
--

CREATE TABLE `admins` (
  `id` bigint(20) UNSIGNED NOT NULL,
  `name` varchar(255) NOT NULL,
  `type` varchar(255) NOT NULL,
  `vendor_id` varchar(255) NOT NULL,
  `mobile` varchar(255) NOT NULL,
  `email` varchar(255) NOT NULL,
  `password` varchar(255) NOT NULL,
  `image` varchar(255) DEFAULT NULL,
  `confirm` enum('No','Yes') NOT NULL DEFAULT 'No',
  `status` tinyint(4) NOT NULL,
  `created_at` timestamp NULL DEFAULT NULL,
  `updated_at` timestamp NULL DEFAULT NULL
) ENGINE=InnoDB DEFAULT CHARSET=utf8mb4 COLLATE=utf8mb4_unicode_ci;

--
-- Dumping data for table `admins`
--

INSERT INTO `admins` (`id`, `name`, `type`, `vendor_id`, `mobile`, `email`, `password`, `image`, `confirm`, `status`, `created_at`, `updated_at`) VALUES
(1, 'Super Admin', 'superadmin', '0', '+8801740308899', 'admin@admin.com', '$2y$10$hX704u1OjatSEEpDfvi2fOYwCAHPdvLk4oSscT5/ipT3KDCz.R20e', '97589.png', 'No', 1, NULL, '2023-06-13 01:47:09'),
(18, 'Md. Ishrakul Islam Efaz', 'vendor', '1', '01740308899', 'ishrakul236@gmail.com', '$2y$10$8mDAAQcHuEPKjtWbx1EiB.jSXLBQmA8ZMOvskFtot.8g2Uh03BMPe', '66763.jpg', 'Yes', 1, '2023-10-18 09:15:58', '2024-02-05 03:44:08');

-- --------------------------------------------------------

--
-- Table structure for table `apps_countries`
--

CREATE TABLE `apps_countries` (
  `id` int(11) NOT NULL,
  `country_code` varchar(2) NOT NULL DEFAULT '',
  `country_name` varchar(100) NOT NULL DEFAULT ''
) ENGINE=MyISAM DEFAULT CHARSET=utf8 COLLATE=utf8_general_ci;

-- --------------------------------------------------------

--
-- Table structure for table `banners`
--

CREATE TABLE `banners` (
  `id` bigint(20) UNSIGNED NOT NULL,
  `image` varchar(255) NOT NULL,
  `type` varchar(255) NOT NULL,
  `link` varchar(255) NOT NULL,
  `title` varchar(255) NOT NULL,
  `alt` varchar(255) NOT NULL,
  `status` tinyint(4) NOT NULL,
  `created_at` timestamp NULL DEFAULT NULL,
  `updated_at` timestamp NULL DEFAULT NULL
) ENGINE=InnoDB DEFAULT CHARSET=utf8mb4 COLLATE=utf8mb4_unicode_ci;

--
-- Dumping data for table `banners`
--

INSERT INTO `banners` (`id`, `image`, `type`, `link`, `title`, `alt`, `status`, `created_at`, `updated_at`) VALUES
(5, '95162.png', 'Slider', 'spring-collection', 'Spring Collection', 'Spring Collection', 1, '2023-07-06 03:24:15', '2023-07-06 13:02:20'),
(6, '71798.png', 'Slider', 'new-tops', 'Tops', 'Tops', 1, '2023-07-06 03:26:39', '2023-07-06 13:02:32'),
(7, '41583.png', 'Fix', 'fix-banner', 'Fix banner', 'Fix banner', 1, '2023-07-06 13:21:33', '2023-07-06 13:34:43'),
(8, '28152.png', 'Fix', 'fix-banner-two', 'Fix Banner Two', 'Fix Banner Two', 1, '2023-07-06 13:41:34', '2023-07-06 13:41:34');

-- --------------------------------------------------------

--
-- Table structure for table `brands`
--

CREATE TABLE `brands` (
  `id` bigint(20) UNSIGNED NOT NULL,
  `name` varchar(255) NOT NULL,
  `status` tinyint(4) NOT NULL,
  `created_at` timestamp NULL DEFAULT NULL,
  `updated_at` timestamp NULL DEFAULT NULL
) ENGINE=InnoDB DEFAULT CHARSET=utf8mb4 COLLATE=utf8mb4_unicode_ci;

--
-- Dumping data for table `brands`
--

INSERT INTO `brands` (`id`, `name`, `status`, `created_at`, `updated_at`) VALUES
(2, 'Gap', 1, NULL, NULL),
(3, 'Lee', 1, NULL, NULL),
(4, 'Samsung', 1, NULL, NULL),
(5, 'Arrow', 1, '2023-06-15 13:27:05', '2023-06-15 13:27:05');

-- --------------------------------------------------------

--
-- Table structure for table `carts`
--

CREATE TABLE `carts` (
  `id` bigint(20) UNSIGNED NOT NULL,
  `session_id` varchar(255) NOT NULL,
  `user_id` int(11) DEFAULT NULL,
  `product_id` int(11) NOT NULL,
  `size` varchar(255) NOT NULL,
  `quantity` int(11) NOT NULL,
  `source` enum('Website','App') NOT NULL DEFAULT 'Website',
  `created_at` timestamp NULL DEFAULT NULL,
  `updated_at` timestamp NULL DEFAULT NULL
) ENGINE=InnoDB DEFAULT CHARSET=utf8mb4 COLLATE=utf8mb4_unicode_ci;

--
-- Dumping data for table `carts`
--

INSERT INTO `carts` (`id`, `session_id`, `user_id`, `product_id`, `size`, `quantity`, `source`, `created_at`, `updated_at`) VALUES
(2, '0', 1, 14, 'LS', 1, 'App', '2024-07-25 02:28:10', '2024-07-25 02:28:10'),
(5, '0', 1, 8, 'Cm-21', 1, 'App', '2024-07-25 05:31:49', '2024-07-25 05:31:49'),
(6, '0', 1, 11, 'av-sm', 1, 'App', '2024-07-25 06:16:15', '2024-07-25 06:16:15'),
(7, 'f6feae104284a00774e9565a419515da', 0, 10, 'vp-small', 1, 'Website', '2024-08-08 12:44:11', '2024-08-08 12:44:11'),
(8, '0', 1, 10, 'vp-small', 1, 'App', '2024-08-08 12:48:12', '2024-08-08 12:48:12');

-- --------------------------------------------------------

--
-- Table structure for table `categories`
--

CREATE TABLE `categories` (
  `id` bigint(20) UNSIGNED NOT NULL,
  `parent_id` int(11) NOT NULL,
  `section_id` int(11) NOT NULL,
  `category_name` varchar(255) NOT NULL,
  `category_image` varchar(255) NOT NULL,
  `category_discount` double(8,2) NOT NULL DEFAULT 0.00,
  `description` text DEFAULT NULL,
  `url` varchar(255) NOT NULL,
  `meta_title` varchar(255) DEFAULT NULL,
  `meta_description` varchar(255) DEFAULT NULL,
  `meta_keywords` varchar(255) DEFAULT NULL,
  `status` tinyint(4) NOT NULL,
  `created_at` timestamp NULL DEFAULT NULL,
  `updated_at` timestamp NULL DEFAULT NULL
) ENGINE=InnoDB DEFAULT CHARSET=utf8mb4 COLLATE=utf8mb4_unicode_ci;

--
-- Dumping data for table `categories`
--

INSERT INTO `categories` (`id`, `parent_id`, `section_id`, `category_name`, `category_image`, `category_discount`, `description`, `url`, `meta_title`, `meta_description`, `meta_keywords`, `status`, `created_at`, `updated_at`) VALUES
(1, 0, 1, 'Men', '', 0.00, NULL, 'men', 'Men', 'Men clothes', 'Men', 1, '2023-08-06 08:01:50', '2024-03-20 03:37:12'),
(2, 0, 1, 'Women', '', 0.00, NULL, 'women', 'women', 'women', 'women', 1, '2023-08-06 08:03:00', '2023-08-06 08:03:00'),
(3, 1, 1, 't-shirt', '', 10.00, NULL, 't-shirt', 't-shirts', 't-shirts', 't-shirts', 1, '2023-10-02 06:13:32', '2024-03-20 04:43:07'),
(4, 1, 1, 'Shirt', '', 0.00, 'Men\'s Brand New Shirts Here', 'shirt', 'shirt', 'shirt', 'shirt', 1, '2023-10-04 12:17:34', '2024-03-14 14:32:10'),
(5, 0, 4, 'Laptop', '', 0.00, 'fdfdf', 'laptop', 'laptop', 'laptop', 'laptop', 1, '2024-07-21 07:45:58', '2024-07-21 07:45:58'),
(6, 5, 4, 'Dell', '', 10.00, 'Dell Laptop', 'dell', 'dell', 'dell', 'dell', 1, '2024-07-21 07:46:45', '2024-07-21 07:46:45');

-- --------------------------------------------------------

--
-- Table structure for table `cms_pages`
--

CREATE TABLE `cms_pages` (
  `id` bigint(20) UNSIGNED NOT NULL,
  `title` varchar(255) NOT NULL,
  `description` text NOT NULL,
  `url` varchar(255) NOT NULL,
  `meta_title` varchar(255) NOT NULL,
  `meta_description` varchar(255) NOT NULL,
  `meta_keywords` varchar(255) NOT NULL,
  `status` tinyint(4) NOT NULL,
  `created_at` timestamp NULL DEFAULT NULL,
  `updated_at` timestamp NULL DEFAULT NULL
) ENGINE=InnoDB DEFAULT CHARSET=utf8mb4 COLLATE=utf8mb4_unicode_ci;

--
-- Dumping data for table `cms_pages`
--

INSERT INTO `cms_pages` (`id`, `title`, `description`, `url`, `meta_title`, `meta_description`, `meta_keywords`, `status`, `created_at`, `updated_at`) VALUES
(1, 'About Us', 'About Us Content is  Coming Soon', 'about-us', 'About Us', 'Desc', 'about us', 1, NULL, '2024-07-23 02:22:57'),
(2, 'Privacy Policy', 'Privacy Policy Content is Coming Soon', 'privacy-policy', 'Privacy Policy', 'Desc', 'privacy policy', 1, NULL, NULL),
(3, 'FAQ', 'FAQ', 'faq', 'faq', 'faq', 'faq', 1, '2024-07-22 01:44:07', '2024-07-22 01:44:07');

-- --------------------------------------------------------

--
-- Table structure for table `cod_pincodes`
--

CREATE TABLE `cod_pincodes` (
  `id` int(11) NOT NULL,
  `pincode` varchar(255) NOT NULL,
  `created_at` datetime NOT NULL,
  `updated_at` datetime NOT NULL
) ENGINE=InnoDB DEFAULT CHARSET=utf8mb4 COLLATE=utf8mb4_general_ci;

--
-- Dumping data for table `cod_pincodes`
--

INSERT INTO `cod_pincodes` (`id`, `pincode`, `created_at`, `updated_at`) VALUES
(1, '8710', '2024-03-16 00:00:00', '2024-03-16 00:00:00'),
(2, '8730', '2024-03-17 00:00:00', '2024-03-17 00:00:00'),
(3, '8700', '2024-03-18 00:00:00', '2024-03-18 00:00:00'),
(4, '8701', '2024-03-19 00:00:00', '2024-03-19 00:00:00'),
(5, '8740', '2024-03-20 00:00:00', '2024-03-20 00:00:00'),
(6, '8741', '2024-03-21 00:00:00', '2024-03-21 00:00:00'),
(7, '8721', '2024-03-22 00:00:00', '2024-03-22 00:00:00'),
(8, '8720', '2024-03-23 00:00:00', '2024-03-23 00:00:00'),
(9, '8240', '2024-03-24 00:00:00', '2024-03-24 00:00:00'),
(10, '8241', '2024-03-25 00:00:00', '2024-03-25 00:00:00'),
(11, '8242', '2024-03-26 00:00:00', '2024-03-26 00:00:00'),
(12, '8210', '2024-03-27 00:00:00', '2024-03-27 00:00:00'),
(13, '8216', '2024-03-28 00:00:00', '2024-03-28 00:00:00'),
(14, '8212', '2024-03-29 00:00:00', '2024-03-29 00:00:00'),
(15, '8213', '2024-03-30 00:00:00', '2024-03-30 00:00:00'),
(16, '8215', '2024-03-31 00:00:00', '2024-03-31 00:00:00'),
(17, '8211', '2024-04-01 00:00:00', '2024-04-01 00:00:00'),
(18, '8214', '2024-04-02 00:00:00', '2024-04-02 00:00:00'),
(19, '8260', '2024-04-03 00:00:00', '2024-04-03 00:00:00'),
(20, '8261', '2024-04-04 00:00:00', '2024-04-04 00:00:00'),
(21, '8200', '2024-04-05 00:00:00', '2024-04-05 00:00:00'),
(22, '8201', '2024-04-06 00:00:00', '2024-04-06 00:00:00'),
(23, '8206', '2024-04-07 00:00:00', '2024-04-07 00:00:00'),
(24, '8205', '2024-04-08 00:00:00', '2024-04-08 00:00:00'),
(25, '8204', '2024-04-09 00:00:00', '2024-04-09 00:00:00'),
(26, '8202', '2024-04-10 00:00:00', '2024-04-10 00:00:00'),
(27, '8203', '2024-04-11 00:00:00', '2024-04-11 00:00:00'),
(28, '8233', '2024-04-12 00:00:00', '2024-04-12 00:00:00'),
(29, '8230', '2024-04-13 00:00:00', '2024-04-13 00:00:00'),
(30, '8232', '2024-04-14 00:00:00', '2024-04-14 00:00:00'),
(31, '8231', '2024-04-15 00:00:00', '2024-04-15 00:00:00'),
(32, '8274', '2024-04-16 00:00:00', '2024-04-16 00:00:00'),
(33, '8271', '2024-04-17 00:00:00', '2024-04-17 00:00:00'),
(34, '8270', '2024-04-18 00:00:00', '2024-04-18 00:00:00'),
(35, '8273', '2024-04-19 00:00:00', '2024-04-19 00:00:00'),
(36, '8272', '2024-04-20 00:00:00', '2024-04-20 00:00:00'),
(37, '8252', '2024-04-21 00:00:00', '2024-04-21 00:00:00'),
(38, '8251', '2024-04-22 00:00:00', '2024-04-22 00:00:00'),
(39, '8250', '2024-04-23 00:00:00', '2024-04-23 00:00:00'),
(40, '8281', '2024-04-24 00:00:00', '2024-04-24 00:00:00'),
(41, '8284', '2024-04-25 00:00:00', '2024-04-25 00:00:00'),
(42, '8282', '2024-04-26 00:00:00', '2024-04-26 00:00:00'),
(43, '8280', '2024-04-27 00:00:00', '2024-04-27 00:00:00'),
(44, '8283', '2024-04-28 00:00:00', '2024-04-28 00:00:00'),
(45, '8223', '2024-04-29 00:00:00', '2024-04-29 00:00:00'),
(46, '8221', '2024-04-30 00:00:00', '2024-04-30 00:00:00'),
(47, '8222', '2024-05-01 00:00:00', '2024-05-01 00:00:00'),
(48, '8224', '2024-05-02 00:00:00', '2024-05-02 00:00:00'),
(49, '8220', '2024-05-03 00:00:00', '2024-05-03 00:00:00'),
(50, '8300', '2024-05-04 00:00:00', '2024-05-04 00:00:00'),
(51, '8301', '2024-05-05 00:00:00', '2024-05-05 00:00:00'),
(52, '8320', '2024-05-06 00:00:00', '2024-05-06 00:00:00'),
(53, '8321', '2024-05-07 00:00:00', '2024-05-07 00:00:00'),
(54, '8340', '2024-05-08 00:00:00', '2024-05-08 00:00:00'),
(55, '8341', '2024-05-09 00:00:00', '2024-05-09 00:00:00'),
(56, '8342', '2024-05-10 00:00:00', '2024-05-10 00:00:00'),
(57, '8310', '2024-05-11 00:00:00', '2024-05-11 00:00:00'),
(58, '8311', '2024-05-12 00:00:00', '2024-05-12 00:00:00'),
(59, '8360', '2024-05-13 00:00:00', '2024-05-13 00:00:00'),
(60, '8350', '2024-05-14 00:00:00', '2024-05-14 00:00:00'),
(61, '8331', '2024-05-15 00:00:00', '2024-05-15 00:00:00'),
(62, '8332', '2024-05-16 00:00:00', '2024-05-16 00:00:00'),
(63, '8330', '2024-05-17 00:00:00', '2024-05-17 00:00:00'),
(64, '8402', '2024-05-18 00:00:00', '2024-05-18 00:00:00'),
(65, '8403', '2024-05-19 00:00:00', '2024-05-19 00:00:00'),
(66, '8400', '2024-05-20 00:00:00', '2024-05-20 00:00:00'),
(67, '8401', '2024-05-21 00:00:00', '2024-05-21 00:00:00'),
(68, '8404', '2024-05-22 00:00:00', '2024-05-22 00:00:00'),
(69, '8431', '2024-05-23 00:00:00', '2024-05-23 00:00:00'),
(70, '8430', '2024-05-24 00:00:00', '2024-05-24 00:00:00'),
(71, '8432', '2024-05-25 00:00:00', '2024-05-25 00:00:00'),
(72, '8433', '2024-05-26 00:00:00', '2024-05-26 00:00:00'),
(73, '8421', '2024-05-27 00:00:00', '2024-05-27 00:00:00'),
(74, '8420', '2024-05-28 00:00:00', '2024-05-28 00:00:00'),
(75, '8410', '2024-05-29 00:00:00', '2024-05-29 00:00:00'),
(76, '8621', '2024-05-30 00:00:00', '2024-05-30 00:00:00'),
(77, '8620', '2024-05-31 00:00:00', '2024-05-31 00:00:00'),
(78, '8622', '2024-06-01 00:00:00', '2024-06-01 00:00:00'),
(79, '8624', '2024-06-02 00:00:00', '2024-06-02 00:00:00'),
(80, '8623', '2024-06-03 00:00:00', '2024-06-03 00:00:00'),
(81, '8630', '2024-06-04 00:00:00', '2024-06-04 00:00:00'),
(82, '8640', '2024-06-05 00:00:00', '2024-06-05 00:00:00'),
(83, '8641', '2024-06-06 00:00:00', '2024-06-06 00:00:00'),
(84, '8650', '2024-06-07 00:00:00', '2024-06-07 00:00:00'),
(85, '8651', '2024-06-08 00:00:00', '2024-06-08 00:00:00'),
(86, '8602', '2024-06-09 00:00:00', '2024-06-09 00:00:00'),
(87, '8601', '2024-06-10 00:00:00', '2024-06-10 00:00:00'),
(88, '8600', '2024-06-11 00:00:00', '2024-06-11 00:00:00'),
(89, '8603', '2024-06-12 00:00:00', '2024-06-12 00:00:00'),
(90, '8610', '2024-06-13 00:00:00', '2024-06-13 00:00:00'),
(91, '8530', '2024-06-14 00:00:00', '2024-06-14 00:00:00'),
(92, '8531', '2024-06-15 00:00:00', '2024-06-15 00:00:00'),
(93, '8550', '2024-06-16 00:00:00', '2024-06-16 00:00:00'),
(94, '8552', '2024-06-17 00:00:00', '2024-06-17 00:00:00'),
(95, '8551', '2024-06-18 00:00:00', '2024-06-18 00:00:00'),
(96, '8513', '2024-06-19 00:00:00', '2024-06-19 00:00:00'),
(97, '8512', '2024-06-20 00:00:00', '2024-06-20 00:00:00'),
(98, '8510', '2024-06-21 00:00:00', '2024-06-21 00:00:00'),
(99, '8511', '2024-06-22 00:00:00', '2024-06-22 00:00:00'),
(100, '8565', '2024-06-23 00:00:00', '2024-06-23 00:00:00'),
(101, '8563', '2024-06-24 00:00:00', '2024-06-24 00:00:00'),
(102, '8562', '2024-06-25 00:00:00', '2024-06-25 00:00:00'),
(103, '8560', '2024-06-26 00:00:00', '2024-06-26 00:00:00'),
(104, '8566', '2024-06-27 00:00:00', '2024-06-27 00:00:00'),
(105, '8564', '2024-06-28 00:00:00', '2024-06-28 00:00:00'),
(106, '8561', '2024-06-29 00:00:00', '2024-06-29 00:00:00'),
(107, '8540', '2024-06-30 00:00:00', '2024-06-30 00:00:00'),
(108, '8541', '2024-07-01 00:00:00', '2024-07-01 00:00:00'),
(109, '8501', '2024-07-02 00:00:00', '2024-07-02 00:00:00'),
(110, '8502', '2024-07-03 00:00:00', '2024-07-03 00:00:00'),
(111, '8500', '2024-07-04 00:00:00', '2024-07-04 00:00:00'),
(112, '8521', '2024-07-05 00:00:00', '2024-07-05 00:00:00'),
(113, '8523', '2024-07-06 00:00:00', '2024-07-06 00:00:00'),
(114, '8522', '2024-07-07 00:00:00', '2024-07-07 00:00:00'),
(115, '8520', '2024-07-08 00:00:00', '2024-07-08 00:00:00'),
(116, '4650', '2024-07-09 00:00:00', '2024-07-09 00:00:00'),
(117, '4600', '2024-07-10 00:00:00', '2024-07-10 00:00:00'),
(118, '4660', '2024-07-11 00:00:00', '2024-07-11 00:00:00'),
(119, '4610', '2024-07-12 00:00:00', '2024-07-12 00:00:00'),
(120, '4620', '2024-07-13 00:00:00', '2024-07-13 00:00:00'),
(121, '4641', '2024-07-14 00:00:00', '2024-07-14 00:00:00'),
(122, '4630', '2024-07-15 00:00:00', '2024-07-15 00:00:00'),
(123, '3450', '2024-07-16 00:00:00', '2024-07-16 00:00:00'),
(124, '3451', '2024-07-17 00:00:00', '2024-07-17 00:00:00'),
(125, '3452', '2024-07-18 00:00:00', '2024-07-18 00:00:00'),
(126, '3420', '2024-07-19 00:00:00', '2024-07-19 00:00:00'),
(127, '3402', '2024-07-20 00:00:00', '2024-07-20 00:00:00'),
(128, '3403', '2024-07-21 00:00:00', '2024-07-21 00:00:00'),
(129, '3400', '2024-07-22 00:00:00', '2024-07-22 00:00:00'),
(130, '3404', '2024-07-23 00:00:00', '2024-07-23 00:00:00'),
(131, '3401', '2024-07-24 00:00:00', '2024-07-24 00:00:00'),
(132, '3462', '2024-07-25 00:00:00', '2024-07-25 00:00:00'),
(133, '3463', '2024-07-26 00:00:00', '2024-07-26 00:00:00'),
(134, '3464', '2024-07-27 00:00:00', '2024-07-27 00:00:00'),
(135, '3460', '2024-07-28 00:00:00', '2024-07-28 00:00:00'),
(136, '3461', '2024-07-29 00:00:00', '2024-07-29 00:00:00'),
(137, '3419', '2024-07-30 00:00:00', '2024-07-30 00:00:00'),
(138, '3417', '2024-07-31 00:00:00', '2024-07-31 00:00:00'),
(139, '3411', '2024-08-01 00:00:00', '2024-08-01 00:00:00'),
(140, '3410', '2024-08-02 00:00:00', '2024-08-02 00:00:00'),
(141, '3412', '2024-08-03 00:00:00', '2024-08-03 00:00:00'),
(142, '3414', '2024-08-04 00:00:00', '2024-08-04 00:00:00'),
(143, '3418', '2024-08-05 00:00:00', '2024-08-05 00:00:00'),
(144, '3415', '2024-08-06 00:00:00', '2024-08-06 00:00:00'),
(145, '3413', '2024-08-07 00:00:00', '2024-08-07 00:00:00'),
(146, '3441', '2024-08-08 00:00:00', '2024-08-08 00:00:00'),
(147, '3440', '2024-08-09 00:00:00', '2024-08-09 00:00:00'),
(148, '3432', '2024-08-10 00:00:00', '2024-08-10 00:00:00'),
(149, '3430', '2024-08-11 00:00:00', '2024-08-11 00:00:00'),
(150, '3431', '2024-08-12 00:00:00', '2024-08-12 00:00:00'),
(151, '3602', '2024-08-13 00:00:00', '2024-08-13 00:00:00'),
(152, '3600', '2024-08-14 00:00:00', '2024-08-14 00:00:00'),
(153, '3601', '2024-08-15 00:00:00', '2024-08-15 00:00:00'),
(154, '3603', '2024-08-16 00:00:00', '2024-08-16 00:00:00'),
(155, '3651', '2024-08-17 00:00:00', '2024-08-17 00:00:00'),
(156, '3650', '2024-08-18 00:00:00', '2024-08-18 00:00:00'),
(157, '3653', '2024-08-19 00:00:00', '2024-08-19 00:00:00'),
(158, '3655', '2024-08-20 00:00:00', '2024-08-20 00:00:00'),
(159, '3654', '2024-08-21 00:00:00', '2024-08-21 00:00:00'),
(160, '3652', '2024-08-22 00:00:00', '2024-08-22 00:00:00'),
(161, '3611', '2024-08-23 00:00:00', '2024-08-23 00:00:00'),
(162, '3610', '2024-08-24 00:00:00', '2024-08-24 00:00:00'),
(163, '3661', '2024-08-25 00:00:00', '2024-08-25 00:00:00'),
(164, '3660', '2024-08-26 00:00:00', '2024-08-26 00:00:00'),
(165, '3630', '2024-08-27 00:00:00', '2024-08-27 00:00:00'),
(166, '3631', '2024-08-28 00:00:00', '2024-08-28 00:00:00'),
(167, '3632', '2024-08-29 00:00:00', '2024-08-29 00:00:00'),
(168, '3633', '2024-08-30 00:00:00', '2024-08-30 00:00:00'),
(169, '3642', '2024-08-31 00:00:00', '2024-08-31 00:00:00'),
(170, '3640', '2024-09-01 00:00:00', '2024-09-01 00:00:00'),
(171, '3641', '2024-09-02 00:00:00', '2024-09-02 00:00:00'),
(172, '3623', '2024-09-03 00:00:00', '2024-09-03 00:00:00'),
(173, '3624', '2024-09-04 00:00:00', '2024-09-04 00:00:00'),
(174, '3621', '2024-09-05 00:00:00', '2024-09-05 00:00:00'),
(175, '3622', '2024-09-06 00:00:00', '2024-09-06 00:00:00'),
(176, '3620', '2024-09-07 00:00:00', '2024-09-07 00:00:00'),
(177, '4376', '2024-09-08 00:00:00', '2024-09-08 00:00:00'),
(178, '4378', '2024-09-09 00:00:00', '2024-09-09 00:00:00'),
(179, '4377', '2024-09-10 00:00:00', '2024-09-10 00:00:00'),
(180, '4366', '2024-09-11 00:00:00', '2024-09-11 00:00:00'),
(181, '4369', '2024-09-12 00:00:00', '2024-09-12 00:00:00'),
(182, '4365', '2024-09-13 00:00:00', '2024-09-13 00:00:00'),
(183, '4368', '2024-09-14 00:00:00', '2024-09-14 00:00:00'),
(184, '4363', '2024-09-15 00:00:00', '2024-09-15 00:00:00'),
(185, '4367', '2024-09-16 00:00:00', '2024-09-16 00:00:00'),
(186, '4364', '2024-09-17 00:00:00', '2024-09-17 00:00:00'),
(187, '4221', '2024-09-18 00:00:00', '2024-09-18 00:00:00'),
(188, '4211', '2024-09-19 00:00:00', '2024-09-19 00:00:00'),
(189, '4215', '2024-09-20 00:00:00', '2024-09-20 00:00:00'),
(190, '4210', '2024-09-21 00:00:00', '2024-09-21 00:00:00'),
(191, '4212', '2024-09-22 00:00:00', '2024-09-22 00:00:00'),
(192, '4203', '2024-09-23 00:00:00', '2024-09-23 00:00:00'),
(193, '4220', '2024-09-24 00:00:00', '2024-09-24 00:00:00'),
(194, '4219', '2024-09-25 00:00:00', '2024-09-25 00:00:00'),
(195, '4209', '2024-09-26 00:00:00', '2024-09-26 00:00:00'),
(196, '4218', '2024-09-27 00:00:00', '2024-09-27 00:00:00'),
(197, '4205', '2024-09-28 00:00:00', '2024-09-28 00:00:00'),
(198, '4100', '2024-09-29 00:00:00', '2024-09-29 00:00:00'),
(199, '4000', '2024-09-30 00:00:00', '2024-09-30 00:00:00'),
(200, '4223', '2024-10-01 00:00:00', '2024-10-01 00:00:00'),
(201, '4207', '2024-10-02 00:00:00', '2024-10-02 00:00:00'),
(202, '4216', '2024-10-03 00:00:00', '2024-10-03 00:00:00'),
(203, '4225', '2024-10-04 00:00:00', '2024-10-04 00:00:00'),
(204, '4214', '2024-10-05 00:00:00', '2024-10-05 00:00:00'),
(205, '4206', '2024-10-06 00:00:00', '2024-10-06 00:00:00'),
(206, '4222', '2024-10-07 00:00:00', '2024-10-07 00:00:00'),
(207, '4208', '2024-10-08 00:00:00', '2024-10-08 00:00:00'),
(208, '4226', '2024-10-09 00:00:00', '2024-10-09 00:00:00'),
(209, '4217', '2024-10-10 00:00:00', '2024-10-10 00:00:00'),
(210, '4202', '2024-10-11 00:00:00', '2024-10-11 00:00:00'),
(211, '4204', '2024-10-12 00:00:00', '2024-10-12 00:00:00'),
(212, '4224', '2024-10-13 00:00:00', '2024-10-13 00:00:00'),
(213, '4213', '2024-10-14 00:00:00', '2024-10-14 00:00:00'),
(214, '4383', '2024-10-15 00:00:00', '2024-10-15 00:00:00'),
(215, '4382', '2024-10-16 00:00:00', '2024-10-16 00:00:00'),
(216, '4380', '2024-10-17 00:00:00', '2024-10-17 00:00:00'),
(217, '4381', '2024-10-18 00:00:00', '2024-10-18 00:00:00'),
(218, '4352', '2024-10-19 00:00:00', '2024-10-19 00:00:00'),
(219, '4350', '2024-10-20 00:00:00', '2024-10-20 00:00:00'),
(220, '4354', '2024-10-21 00:00:00', '2024-10-21 00:00:00'),
(221, '4353', '2024-10-22 00:00:00', '2024-10-22 00:00:00'),
(222, '4351', '2024-10-23 00:00:00', '2024-10-23 00:00:00'),
(223, '4355', '2024-10-24 00:00:00', '2024-10-24 00:00:00'),
(224, '4331', '2024-10-25 00:00:00', '2024-10-25 00:00:00'),
(225, '4335', '2024-10-26 00:00:00', '2024-10-26 00:00:00'),
(226, '4332', '2024-10-27 00:00:00', '2024-10-27 00:00:00'),
(227, '4330', '2024-10-28 00:00:00', '2024-10-28 00:00:00'),
(228, '4333', '2024-10-29 00:00:00', '2024-10-29 00:00:00'),
(229, '4339', '2024-10-30 00:00:00', '2024-10-30 00:00:00'),
(230, '4334', '2024-10-31 00:00:00', '2024-10-31 00:00:00'),
(231, '4337', '2024-11-01 00:00:00', '2024-11-01 00:00:00'),
(232, '4338', '2024-11-02 00:00:00', '2024-11-02 00:00:00'),
(233, '4393', '2024-11-03 00:00:00', '2024-11-03 00:00:00'),
(234, '4392', '2024-11-04 00:00:00', '2024-11-04 00:00:00'),
(235, '4390', '2024-11-05 00:00:00', '2024-11-05 00:00:00'),
(236, '4391', '2024-11-06 00:00:00', '2024-11-06 00:00:00'),
(237, '4398', '2024-11-07 00:00:00', '2024-11-07 00:00:00'),
(238, '4396', '2024-11-08 00:00:00', '2024-11-08 00:00:00'),
(239, '4397', '2024-11-09 00:00:00', '2024-11-09 00:00:00'),
(240, '4321', '2024-11-10 00:00:00', '2024-11-10 00:00:00'),
(241, '4325', '2024-11-11 00:00:00', '2024-11-11 00:00:00'),
(242, '4323', '2024-11-12 00:00:00', '2024-11-12 00:00:00'),
(243, '4322', '2024-11-13 00:00:00', '2024-11-13 00:00:00'),
(244, '4324', '2024-11-14 00:00:00', '2024-11-14 00:00:00'),
(245, '4327', '2024-11-15 00:00:00', '2024-11-15 00:00:00'),
(246, '4320', '2024-11-16 00:00:00', '2024-11-16 00:00:00'),
(247, '4328', '2024-11-17 00:00:00', '2024-11-17 00:00:00'),
(248, '4371', '2024-11-18 00:00:00', '2024-11-18 00:00:00'),
(249, '4370', '2024-11-19 00:00:00', '2024-11-19 00:00:00'),
(250, '4361', '2024-11-20 00:00:00', '2024-11-20 00:00:00'),
(251, '4360', '2024-11-21 00:00:00', '2024-11-21 00:00:00'),
(252, '4349', '2024-11-22 00:00:00', '2024-11-22 00:00:00'),
(253, '4341', '2024-11-23 00:00:00', '2024-11-23 00:00:00'),
(254, '4347', '2024-11-24 00:00:00', '2024-11-24 00:00:00'),
(255, '4345', '2024-11-25 00:00:00', '2024-11-25 00:00:00'),
(256, '4343', '2024-11-26 00:00:00', '2024-11-26 00:00:00'),
(257, '4346', '2024-11-27 00:00:00', '2024-11-27 00:00:00'),
(258, '4344', '2024-11-28 00:00:00', '2024-11-28 00:00:00'),
(259, '4342', '2024-11-29 00:00:00', '2024-11-29 00:00:00'),
(260, '4348', '2024-11-30 00:00:00', '2024-11-30 00:00:00'),
(261, '4340', '2024-12-01 00:00:00', '2024-12-01 00:00:00'),
(262, '4300', '2024-12-02 00:00:00', '2024-12-02 00:00:00'),
(263, '4301', '2024-12-03 00:00:00', '2024-12-03 00:00:00'),
(264, '4302', '2024-12-04 00:00:00', '2024-12-04 00:00:00'),
(265, '4387', '2024-12-05 00:00:00', '2024-12-05 00:00:00'),
(266, '4388', '2024-12-06 00:00:00', '2024-12-06 00:00:00'),
(267, '4386', '2024-12-07 00:00:00', '2024-12-07 00:00:00'),
(268, '4312', '2024-12-08 00:00:00', '2024-12-08 00:00:00'),
(269, '4311', '2024-12-09 00:00:00', '2024-12-09 00:00:00'),
(270, '4313', '2024-12-10 00:00:00', '2024-12-10 00:00:00'),
(271, '4315', '2024-12-11 00:00:00', '2024-12-11 00:00:00'),
(272, '4316', '2024-12-12 00:00:00', '2024-12-12 00:00:00'),
(273, '4317', '2024-12-13 00:00:00', '2024-12-13 00:00:00'),
(274, '4314', '2024-12-14 00:00:00', '2024-12-14 00:00:00'),
(275, '4310', '2024-12-15 00:00:00', '2024-12-15 00:00:00'),
(276, '3560', '2024-12-16 00:00:00', '2024-12-16 00:00:00'),
(277, '3562', '2024-12-17 00:00:00', '2024-12-17 00:00:00'),
(278, '3561', '2024-12-18 00:00:00', '2024-12-18 00:00:00'),
(279, '3526', '2024-12-19 00:00:00', '2024-12-19 00:00:00'),
(280, '3520', '2024-12-20 00:00:00', '2024-12-20 00:00:00'),
(281, '3521', '2024-12-21 00:00:00', '2024-12-21 00:00:00'),
(282, '3510', '2024-12-22 00:00:00', '2024-12-22 00:00:00'),
(283, '3511', '2024-12-23 00:00:00', '2024-12-23 00:00:00'),
(284, '3551', '2024-12-24 00:00:00', '2024-12-24 00:00:00'),
(285, '3552', '2024-12-25 00:00:00', '2024-12-25 00:00:00'),
(286, '3550', '2024-12-26 00:00:00', '2024-12-26 00:00:00'),
(287, '3501', '2024-12-27 00:00:00', '2024-12-27 00:00:00'),
(288, '3500', '2024-12-28 00:00:00', '2024-12-28 00:00:00'),
(289, '3503', '2024-12-29 00:00:00', '2024-12-29 00:00:00'),
(290, '3502', '2024-12-30 00:00:00', '2024-12-30 00:00:00'),
(291, '3504', '2024-12-31 00:00:00', '2024-12-31 00:00:00'),
(292, '3518', '2025-01-01 00:00:00', '2025-01-01 00:00:00'),
(293, '3516', '2025-01-02 00:00:00', '2025-01-02 00:00:00'),
(294, '3519', '2025-01-03 00:00:00', '2025-01-03 00:00:00'),
(295, '3517', '2025-01-04 00:00:00', '2025-01-04 00:00:00'),
(296, '3532', '2025-01-05 00:00:00', '2025-01-05 00:00:00'),
(297, '3530', '2025-01-06 00:00:00', '2025-01-06 00:00:00'),
(298, '3533', '2025-01-07 00:00:00', '2025-01-07 00:00:00'),
(299, '3531', '2025-01-08 00:00:00', '2025-01-08 00:00:00'),
(300, '3546', '2025-01-09 00:00:00', '2025-01-09 00:00:00'),
(301, '3572', '2025-01-10 00:00:00', '2025-01-10 00:00:00'),
(302, '3570', '2025-01-11 00:00:00', '2025-01-11 00:00:00'),
(303, '3571', '2025-01-12 00:00:00', '2025-01-12 00:00:00'),
(304, '3582', '2025-01-13 00:00:00', '2025-01-13 00:00:00'),
(305, '3581', '2025-01-14 00:00:00', '2025-01-14 00:00:00'),
(306, '3583', '2025-01-15 00:00:00', '2025-01-15 00:00:00'),
(307, '3580', '2025-01-16 00:00:00', '2025-01-16 00:00:00'),
(308, '3543', '2025-01-17 00:00:00', '2025-01-17 00:00:00'),
(309, '3542', '2025-01-18 00:00:00', '2025-01-18 00:00:00'),
(310, '3540', '2025-01-19 00:00:00', '2025-01-19 00:00:00'),
(311, '3545', '2025-01-20 00:00:00', '2025-01-20 00:00:00'),
(312, '3541', '2025-01-21 00:00:00', '2025-01-21 00:00:00'),
(313, '3544', '2025-01-22 00:00:00', '2025-01-22 00:00:00'),
(314, '4742', '2025-01-23 00:00:00', '2025-01-23 00:00:00'),
(315, '4740', '2025-01-24 00:00:00', '2025-01-24 00:00:00'),
(316, '4741', '2025-01-25 00:00:00', '2025-01-25 00:00:00'),
(317, '4743', '2025-01-26 00:00:00', '2025-01-26 00:00:00'),
(318, '4700', '2025-01-27 00:00:00', '2025-01-27 00:00:00'),
(319, '4702', '2025-01-28 00:00:00', '2025-01-28 00:00:00'),
(320, '4701', '2025-01-29 00:00:00', '2025-01-29 00:00:00'),
(321, '4710', '2025-01-30 00:00:00', '2025-01-30 00:00:00'),
(322, '4720', '2025-01-31 00:00:00', '2025-01-31 00:00:00'),
(323, '4730', '2025-02-01 00:00:00', '2025-02-01 00:00:00'),
(324, '4761', '2025-02-02 00:00:00', '2025-02-02 00:00:00'),
(325, '4762', '2025-02-03 00:00:00', '2025-02-03 00:00:00'),
(326, '4760', '2025-02-04 00:00:00', '2025-02-04 00:00:00'),
(327, '4750', '2025-02-05 00:00:00', '2025-02-05 00:00:00'),
(328, '3910', '2025-02-06 00:00:00', '2025-02-06 00:00:00'),
(329, '3912', '2025-02-07 00:00:00', '2025-02-07 00:00:00'),
(330, '3911', '2025-02-08 00:00:00', '2025-02-08 00:00:00'),
(331, '3913', '2025-02-09 00:00:00', '2025-02-09 00:00:00'),
(332, '3922', '2025-02-10 00:00:00', '2025-02-10 00:00:00'),
(333, '3920', '2025-02-11 00:00:00', '2025-02-11 00:00:00'),
(334, '3921', '2025-02-12 00:00:00', '2025-02-12 00:00:00'),
(335, '3923', '2025-02-13 00:00:00', '2025-02-13 00:00:00'),
(336, '3901', '2025-02-14 00:00:00', '2025-02-14 00:00:00'),
(337, '3900', '2025-02-15 00:00:00', '2025-02-15 00:00:00'),
(338, '3903', '2025-02-16 00:00:00', '2025-02-16 00:00:00'),
(339, '3902', '2025-02-17 00:00:00', '2025-02-17 00:00:00'),
(340, '3942', '2025-02-18 00:00:00', '2025-02-18 00:00:00'),
(341, '3943', '2025-02-19 00:00:00', '2025-02-19 00:00:00'),
(342, '3940', '2025-02-20 00:00:00', '2025-02-20 00:00:00'),
(343, '3941', '2025-02-21 00:00:00', '2025-02-21 00:00:00'),
(344, '3932', '2025-02-22 00:00:00', '2025-02-22 00:00:00'),
(345, '3933', '2025-02-23 00:00:00', '2025-02-23 00:00:00'),
(346, '3931', '2025-02-24 00:00:00', '2025-02-24 00:00:00'),
(347, '3930', '2025-02-25 00:00:00', '2025-02-25 00:00:00'),
(348, '4420', '2025-02-26 00:00:00', '2025-02-26 00:00:00'),
(349, '4400', '2025-02-27 00:00:00', '2025-02-27 00:00:00'),
(350, '4470', '2025-02-28 00:00:00', '2025-02-28 00:00:00'),
(351, '4430', '2025-03-01 00:00:00', '2025-03-01 00:00:00'),
(352, '4460', '2025-03-02 00:00:00', '2025-03-02 00:00:00'),
(353, '4450', '2025-03-03 00:00:00', '2025-03-03 00:00:00'),
(354, '4410', '2025-03-04 00:00:00', '2025-03-04 00:00:00'),
(355, '4440', '2025-03-05 00:00:00', '2025-03-05 00:00:00'),
(356, '3730', '2025-03-06 00:00:00', '2025-03-06 00:00:00'),
(357, '3731', '2025-03-07 00:00:00', '2025-03-07 00:00:00'),
(358, '3732', '2025-03-08 00:00:00', '2025-03-08 00:00:00'),
(359, '3709', '2025-03-09 00:00:00', '2025-03-09 00:00:00'),
(360, '3702', '2025-03-10 00:00:00', '2025-03-10 00:00:00'),
(361, '3708', '2025-03-11 00:00:00', '2025-03-11 00:00:00'),
(362, '3707', '2025-03-12 00:00:00', '2025-03-12 00:00:00'),
(363, '3701', '2025-03-13 00:00:00', '2025-03-13 00:00:00'),
(364, '3706', '2025-03-14 00:00:00', '2025-03-14 00:00:00'),
(365, '3704', '2025-03-15 00:00:00', '2025-03-15 00:00:00'),
(366, '3700', '2025-03-16 00:00:00', '2025-03-16 00:00:00'),
(367, '3703', '2025-03-17 00:00:00', '2025-03-17 00:00:00'),
(368, '3705', '2025-03-18 00:00:00', '2025-03-18 00:00:00'),
(369, '3721', '2025-03-19 00:00:00', '2025-03-19 00:00:00'),
(370, '3725', '2025-03-20 00:00:00', '2025-03-20 00:00:00'),
(371, '3723', '2025-03-21 00:00:00', '2025-03-21 00:00:00'),
(372, '3724', '2025-03-22 00:00:00', '2025-03-22 00:00:00'),
(373, '3722', '2025-03-23 00:00:00', '2025-03-23 00:00:00'),
(374, '3720', '2025-03-24 00:00:00', '2025-03-24 00:00:00'),
(375, '3714', '2025-03-25 00:00:00', '2025-03-25 00:00:00'),
(376, '3713', '2025-03-26 00:00:00', '2025-03-26 00:00:00'),
(377, '3712', '2025-03-27 00:00:00', '2025-03-27 00:00:00'),
(378, '3711', '2025-03-28 00:00:00', '2025-03-28 00:00:00'),
(379, '3710', '2025-03-29 00:00:00', '2025-03-29 00:00:00'),
(380, '3850', '2025-03-30 00:00:00', '2025-03-30 00:00:00'),
(381, '3851', '2025-03-31 00:00:00', '2025-03-31 00:00:00'),
(382, '3831', '2025-04-01 00:00:00', '2025-04-01 00:00:00'),
(383, '3847', '2025-04-02 00:00:00', '2025-04-02 00:00:00'),
(384, '3822', '2025-04-03 00:00:00', '2025-04-03 00:00:00'),
(385, '3824', '2025-04-04 00:00:00', '2025-04-04 00:00:00'),
(386, '3820', '2025-04-05 00:00:00', '2025-04-05 00:00:00'),
(387, '3837', '2025-04-06 00:00:00', '2025-04-06 00:00:00'),
(388, '3821', '2025-04-07 00:00:00', '2025-04-07 00:00:00'),
(389, '3843', '2025-04-08 00:00:00', '2025-04-08 00:00:00'),
(390, '3848', '2025-04-09 00:00:00', '2025-04-09 00:00:00'),
(391, '3828', '2025-04-10 00:00:00', '2025-04-10 00:00:00'),
(392, '3825', '2025-04-11 00:00:00', '2025-04-11 00:00:00'),
(393, '3844', '2025-04-12 00:00:00', '2025-04-12 00:00:00'),
(394, '3829', '2025-04-13 00:00:00', '2025-04-13 00:00:00'),
(395, '3833', '2025-04-14 00:00:00', '2025-04-14 00:00:00'),
(396, '3842', '2025-04-15 00:00:00', '2025-04-15 00:00:00'),
(397, '3838', '2025-04-16 00:00:00', '2025-04-16 00:00:00'),
(398, '3823', '2025-04-17 00:00:00', '2025-04-17 00:00:00'),
(399, '3839', '2025-04-18 00:00:00', '2025-04-18 00:00:00'),
(400, '3841', '2025-04-19 00:00:00', '2025-04-19 00:00:00'),
(401, '3835', '2025-04-20 00:00:00', '2025-04-20 00:00:00'),
(402, '3834', '2025-04-21 00:00:00', '2025-04-21 00:00:00'),
(403, '3827', '2025-04-22 00:00:00', '2025-04-22 00:00:00'),
(404, '3832', '2025-04-23 00:00:00', '2025-04-23 00:00:00'),
(405, '3845', '2025-04-24 00:00:00', '2025-04-24 00:00:00'),
(406, '3879', '2025-04-25 00:00:00', '2025-04-25 00:00:00'),
(407, '3873', '2025-04-26 00:00:00', '2025-04-26 00:00:00'),
(408, '3870', '2025-04-27 00:00:00', '2025-04-27 00:00:00'),
(409, '3878', '2025-04-28 00:00:00', '2025-04-28 00:00:00'),
(410, '3877', '2025-04-29 00:00:00', '2025-04-29 00:00:00'),
(411, '3872', '2025-04-30 00:00:00', '2025-04-30 00:00:00'),
(412, '3871', '2025-05-01 00:00:00', '2025-05-01 00:00:00'),
(413, '3874', '2025-05-02 00:00:00', '2025-05-02 00:00:00'),
(414, '3881', '2025-05-03 00:00:00', '2025-05-03 00:00:00'),
(415, '3882', '2025-05-04 00:00:00', '2025-05-04 00:00:00'),
(416, '3883', '2025-05-05 00:00:00', '2025-05-05 00:00:00'),
(417, '3875', '2025-05-06 00:00:00', '2025-05-06 00:00:00'),
(418, '3891', '2025-05-07 00:00:00', '2025-05-07 00:00:00'),
(419, '3890', '2025-05-08 00:00:00', '2025-05-08 00:00:00'),
(420, '3892', '2025-05-09 00:00:00', '2025-05-09 00:00:00'),
(421, '3811', '2025-05-10 00:00:00', '2025-05-10 00:00:00'),
(422, '3812', '2025-05-11 00:00:00', '2025-05-11 00:00:00'),
(423, '3809', '2025-05-12 00:00:00', '2025-05-12 00:00:00'),
(424, '3803', '2025-05-13 00:00:00', '2025-05-13 00:00:00'),
(425, '3807', '2025-05-14 00:00:00', '2025-05-14 00:00:00'),
(426, '3808', '2025-05-15 00:00:00', '2025-05-15 00:00:00'),
(427, '3806', '2025-05-16 00:00:00', '2025-05-16 00:00:00'),
(428, '3801', '2025-05-17 00:00:00', '2025-05-17 00:00:00'),
(429, '3800', '2025-05-18 00:00:00', '2025-05-18 00:00:00'),
(430, '3804', '2025-05-19 00:00:00', '2025-05-19 00:00:00'),
(431, '3802', '2025-05-20 00:00:00', '2025-05-20 00:00:00'),
(432, '3862', '2025-05-21 00:00:00', '2025-05-21 00:00:00'),
(433, '3864', '2025-05-22 00:00:00', '2025-05-22 00:00:00'),
(434, '3861', '2025-05-23 00:00:00', '2025-05-23 00:00:00'),
(435, '3863', '2025-05-24 00:00:00', '2025-05-24 00:00:00'),
(436, '3860', '2025-05-25 00:00:00', '2025-05-25 00:00:00'),
(437, '3865', '2025-05-26 00:00:00', '2025-05-26 00:00:00'),
(438, '4570', '2025-05-27 00:00:00', '2025-05-27 00:00:00'),
(439, '4550', '2025-05-28 00:00:00', '2025-05-28 00:00:00'),
(440, '4560', '2025-05-29 00:00:00', '2025-05-29 00:00:00'),
(441, '4511', '2025-05-30 00:00:00', '2025-05-30 00:00:00'),
(442, '4510', '2025-05-31 00:00:00', '2025-05-31 00:00:00'),
(443, '4531', '2025-06-01 00:00:00', '2025-06-01 00:00:00'),
(444, '4530', '2025-06-02 00:00:00', '2025-06-02 00:00:00'),
(445, '4533', '2025-06-03 00:00:00', '2025-06-03 00:00:00'),
(446, '4532', '2025-06-04 00:00:00', '2025-06-04 00:00:00'),
(447, '4580', '2025-06-05 00:00:00', '2025-06-05 00:00:00'),
(448, '4590', '2025-06-06 00:00:00', '2025-06-06 00:00:00'),
(449, '4520', '2025-06-07 00:00:00', '2025-06-07 00:00:00'),
(450, '4540', '2025-06-08 00:00:00', '2025-06-08 00:00:00'),
(451, '4500', '2025-06-09 00:00:00', '2025-06-09 00:00:00'),
(452, '1360', '2025-06-10 00:00:00', '2025-06-10 00:00:00'),
(453, '1362', '2025-06-11 00:00:00', '2025-06-11 00:00:00'),
(454, '1361', '2025-06-12 00:00:00', '2025-06-12 00:00:00'),
(455, '1206', '2025-06-13 00:00:00', '2025-06-13 00:00:00'),
(456, '1350', '2025-06-14 00:00:00', '2025-06-14 00:00:00'),
(457, '1351', '2025-06-15 00:00:00', '2025-06-15 00:00:00'),
(458, '1209', '2025-06-16 00:00:00', '2025-06-16 00:00:00'),
(459, '1213', '2025-06-17 00:00:00', '2025-06-17 00:00:00'),
(460, '1212', '2025-06-18 00:00:00', '2025-06-18 00:00:00'),
(461, '1232', '2025-06-19 00:00:00', '2025-06-19 00:00:00'),
(462, '1330', '2025-06-20 00:00:00', '2025-06-20 00:00:00'),
(463, '1332', '2025-06-21 00:00:00', '2025-06-21 00:00:00'),
(464, '1331', '2025-06-22 00:00:00', '2025-06-22 00:00:00'),
(465, '1312', '2025-06-23 00:00:00', '2025-06-23 00:00:00'),
(466, '1311', '2025-06-24 00:00:00', '2025-06-24 00:00:00'),
(467, '1313', '2025-06-25 00:00:00', '2025-06-25 00:00:00'),
(468, '1310', '2025-06-26 00:00:00', '2025-06-26 00:00:00'),
(469, '1219', '2025-06-27 00:00:00', '2025-06-27 00:00:00'),
(470, '1229', '2025-06-28 00:00:00', '2025-06-28 00:00:00'),
(471, '1211', '2025-06-29 00:00:00', '2025-06-29 00:00:00'),
(472, '1216', '2025-06-30 00:00:00', '2025-06-30 00:00:00'),
(473, '1207', '2025-07-01 00:00:00', '2025-07-01 00:00:00'),
(474, '1225', '2025-07-02 00:00:00', '2025-07-02 00:00:00'),
(475, '1222', '2025-07-03 00:00:00', '2025-07-03 00:00:00'),
(476, '1223', '2025-07-04 00:00:00', '2025-07-04 00:00:00'),
(477, '1323', '2025-07-05 00:00:00', '2025-07-05 00:00:00'),
(478, '1325', '2025-07-06 00:00:00', '2025-07-06 00:00:00'),
(479, '1322', '2025-07-07 00:00:00', '2025-07-07 00:00:00'),
(480, '1321', '2025-07-08 00:00:00', '2025-07-08 00:00:00'),
(481, '1324', '2025-07-09 00:00:00', '2025-07-09 00:00:00'),
(482, '1320', '2025-07-10 00:00:00', '2025-07-10 00:00:00'),
(483, '1205', '2025-07-11 00:00:00', '2025-07-11 00:00:00'),
(484, '1000', '2025-07-12 00:00:00', '2025-07-12 00:00:00'),
(485, '1217', '2025-07-13 00:00:00', '2025-07-13 00:00:00'),
(486, '1214', '2025-07-14 00:00:00', '2025-07-14 00:00:00'),
(487, '1348', '2025-07-15 00:00:00', '2025-07-15 00:00:00'),
(488, '1341', '2025-07-16 00:00:00', '2025-07-16 00:00:00'),
(489, '1349', '2025-07-17 00:00:00', '2025-07-17 00:00:00'),
(490, '1342', '2025-07-18 00:00:00', '2025-07-18 00:00:00'),
(491, '1346', '2025-07-19 00:00:00', '2025-07-19 00:00:00'),
(492, '1347', '2025-07-20 00:00:00', '2025-07-20 00:00:00'),
(493, '1340', '2025-07-21 00:00:00', '2025-07-21 00:00:00'),
(494, '1344', '2025-07-22 00:00:00', '2025-07-22 00:00:00'),
(495, '1343', '2025-07-23 00:00:00', '2025-07-23 00:00:00'),
(496, '1345', '2025-07-24 00:00:00', '2025-07-24 00:00:00'),
(497, '1100', '2025-07-25 00:00:00', '2025-07-25 00:00:00'),
(498, '1204', '2025-07-26 00:00:00', '2025-07-26 00:00:00'),
(499, '1203', '2025-07-27 00:00:00', '2025-07-27 00:00:00'),
(500, '1215', '2025-07-28 00:00:00', '2025-07-28 00:00:00'),
(501, '1208', '2025-07-29 00:00:00', '2025-07-29 00:00:00'),
(502, '1230', '2025-07-30 00:00:00', '2025-07-30 00:00:00'),
(503, '7870', '2025-07-31 00:00:00', '2025-07-31 00:00:00'),
(504, '7830', '2025-08-01 00:00:00', '2025-08-01 00:00:00'),
(505, '7860', '2025-08-02 00:00:00', '2025-08-02 00:00:00'),
(506, '7861', '2025-08-03 00:00:00', '2025-08-03 00:00:00'),
(507, '7810', '2025-08-04 00:00:00', '2025-08-04 00:00:00'),
(508, '7802', '2025-08-05 00:00:00', '2025-08-05 00:00:00'),
(509, '7803', '2025-08-06 00:00:00', '2025-08-06 00:00:00'),
(510, '7800', '2025-08-07 00:00:00', '2025-08-07 00:00:00'),
(511, '7801', '2025-08-08 00:00:00', '2025-08-08 00:00:00'),
(512, '7851', '2025-08-09 00:00:00', '2025-08-09 00:00:00'),
(513, '7850', '2025-08-10 00:00:00', '2025-08-10 00:00:00'),
(514, '7840', '2025-08-11 00:00:00', '2025-08-11 00:00:00'),
(515, '7841', '2025-08-12 00:00:00', '2025-08-12 00:00:00'),
(516, '7822', '2025-08-13 00:00:00', '2025-08-13 00:00:00'),
(517, '7821', '2025-08-14 00:00:00', '2025-08-14 00:00:00'),
(518, '7820', '2025-08-15 00:00:00', '2025-08-15 00:00:00'),
(519, '7804', '2025-08-16 00:00:00', '2025-08-16 00:00:00'),
(520, '1703', '2025-08-17 00:00:00', '2025-08-17 00:00:00'),
(521, '1701', '2025-08-18 00:00:00', '2025-08-18 00:00:00'),
(522, '1702', '2025-08-19 00:00:00', '2025-08-19 00:00:00'),
(523, '1700', '2025-08-20 00:00:00', '2025-08-20 00:00:00'),
(524, '1704', '2025-08-21 00:00:00', '2025-08-21 00:00:00'),
(525, '1750', '2025-08-22 00:00:00', '2025-08-22 00:00:00'),
(526, '1751', '2025-08-23 00:00:00', '2025-08-23 00:00:00'),
(527, '1720', '2025-08-24 00:00:00', '2025-08-24 00:00:00'),
(528, '1721', '2025-08-25 00:00:00', '2025-08-25 00:00:00'),
(529, '1722', '2025-08-26 00:00:00', '2025-08-26 00:00:00'),
(530, '1723', '2025-08-27 00:00:00', '2025-08-27 00:00:00'),
(531, '1730', '2025-08-28 00:00:00', '2025-08-28 00:00:00'),
(532, '1712', '2025-08-29 00:00:00', '2025-08-29 00:00:00'),
(533, '1710', '2025-08-30 00:00:00', '2025-08-30 00:00:00'),
(534, '1711', '2025-08-31 00:00:00', '2025-08-31 00:00:00'),
(535, '1743', '2025-09-01 00:00:00', '2025-09-01 00:00:00'),
(536, '1747', '2025-09-02 00:00:00', '2025-09-02 00:00:00'),
(537, '1748', '2025-09-03 00:00:00', '2025-09-03 00:00:00'),
(538, '1745', '2025-09-04 00:00:00', '2025-09-04 00:00:00'),
(539, '1744', '2025-09-05 00:00:00', '2025-09-05 00:00:00'),
(540, '1740', '2025-09-06 00:00:00', '2025-09-06 00:00:00'),
(541, '1741', '2025-09-07 00:00:00', '2025-09-07 00:00:00'),
(542, '1742', '2025-09-08 00:00:00', '2025-09-08 00:00:00'),
(543, '8102', '2025-09-09 00:00:00', '2025-09-09 00:00:00'),
(544, '8013', '2025-09-10 00:00:00', '2025-09-10 00:00:00'),
(545, '8100', '2025-09-11 00:00:00', '2025-09-11 00:00:00'),
(546, '8101', '2025-09-12 00:00:00', '2025-09-12 00:00:00'),
(547, '8133', '2025-09-13 00:00:00', '2025-09-13 00:00:00'),
(548, '8130', '2025-09-14 00:00:00', '2025-09-14 00:00:00'),
(549, '8131', '2025-09-15 00:00:00', '2025-09-15 00:00:00'),
(550, '8132', '2025-09-16 00:00:00', '2025-09-16 00:00:00'),
(551, '8110', '2025-09-17 00:00:00', '2025-09-17 00:00:00'),
(552, '8141', '2025-09-18 00:00:00', '2025-09-18 00:00:00'),
(553, '8142', '2025-09-19 00:00:00', '2025-09-19 00:00:00'),
(554, '8140', '2025-09-20 00:00:00', '2025-09-20 00:00:00'),
(555, '8121', '2025-09-21 00:00:00', '2025-09-21 00:00:00'),
(556, '8120', '2025-09-22 00:00:00', '2025-09-22 00:00:00'),
(557, '2030', '2025-09-23 00:00:00', '2025-09-23 00:00:00'),
(558, '2031', '2025-09-24 00:00:00', '2025-09-24 00:00:00'),
(559, '2021', '2025-09-25 00:00:00', '2025-09-25 00:00:00'),
(560, '2022', '2025-09-26 00:00:00', '2025-09-26 00:00:00'),
(561, '2020', '2025-09-27 00:00:00', '2025-09-27 00:00:00'),
(562, '2000', '2025-09-28 00:00:00', '2025-09-28 00:00:00'),
(563, '2001', '2025-09-29 00:00:00', '2025-09-29 00:00:00'),
(564, '2002', '2025-09-30 00:00:00', '2025-09-30 00:00:00'),
(565, '2011', '2025-10-01 00:00:00', '2025-10-01 00:00:00'),
(566, '2013', '2025-10-02 00:00:00', '2025-10-02 00:00:00'),
(567, '2012', '2025-10-03 00:00:00', '2025-10-03 00:00:00'),
(568, '2010', '2025-10-04 00:00:00', '2025-10-04 00:00:00'),
(569, '2041', '2025-10-05 00:00:00', '2025-10-05 00:00:00'),
(570, '2040', '2025-10-06 00:00:00', '2025-10-06 00:00:00'),
(571, '2052', '2025-10-07 00:00:00', '2025-10-07 00:00:00'),
(572, '2051', '2025-10-08 00:00:00', '2025-10-08 00:00:00'),
(573, '2053', '2025-10-09 00:00:00', '2025-10-09 00:00:00'),
(574, '2055', '2025-10-10 00:00:00', '2025-10-10 00:00:00'),
(575, '2054', '2025-10-11 00:00:00', '2025-10-11 00:00:00'),
(576, '2050', '2025-10-12 00:00:00', '2025-10-12 00:00:00'),
(577, '2336', '2025-10-13 00:00:00', '2025-10-13 00:00:00'),
(578, '2338', '2025-10-14 00:00:00', '2025-10-14 00:00:00'),
(579, '2337', '2025-10-15 00:00:00', '2025-10-15 00:00:00'),
(580, '2350', '2025-10-16 00:00:00', '2025-10-16 00:00:00'),
(581, '2320', '2025-10-17 00:00:00', '2025-10-17 00:00:00'),
(582, '2390', '2025-10-18 00:00:00', '2025-10-18 00:00:00'),
(583, '2310', '2025-10-19 00:00:00', '2025-10-19 00:00:00'),
(584, '2331', '2025-10-20 00:00:00', '2025-10-20 00:00:00'),
(585, '2330', '2025-10-21 00:00:00', '2025-10-21 00:00:00'),
(586, '2301', '2025-10-22 00:00:00', '2025-10-22 00:00:00'),
(587, '2300', '2025-10-23 00:00:00', '2025-10-23 00:00:00'),
(588, '2302', '2025-10-24 00:00:00', '2025-10-24 00:00:00'),
(589, '2303', '2025-10-25 00:00:00', '2025-10-25 00:00:00'),
(590, '2341', '2025-10-26 00:00:00', '2025-10-26 00:00:00'),
(591, '2340', '2025-10-27 00:00:00', '2025-10-27 00:00:00'),
(592, '2371', '2025-10-28 00:00:00', '2025-10-28 00:00:00'),
(593, '2370', '2025-10-29 00:00:00', '2025-10-29 00:00:00'),
(594, '2360', '2025-10-30 00:00:00', '2025-10-30 00:00:00'),
(595, '2380', '2025-10-31 00:00:00', '2025-10-31 00:00:00'),
(596, '2326', '2025-11-01 00:00:00', '2025-11-01 00:00:00'),
(597, '2316', '2025-11-02 00:00:00', '2025-11-02 00:00:00'),
(598, '7932', '2025-11-03 00:00:00', '2025-11-03 00:00:00'),
(599, '7930', '2025-11-04 00:00:00', '2025-11-04 00:00:00'),
(600, '7931', '2025-11-05 00:00:00', '2025-11-05 00:00:00'),
(601, '7933', '2025-11-06 00:00:00', '2025-11-06 00:00:00'),
(602, '7920', '2025-11-07 00:00:00', '2025-11-07 00:00:00'),
(603, '7921', '2025-11-08 00:00:00', '2025-11-08 00:00:00'),
(604, '7901', '2025-11-09 00:00:00', '2025-11-09 00:00:00'),
(605, '7903', '2025-11-10 00:00:00', '2025-11-10 00:00:00'),
(606, '7902', '2025-11-11 00:00:00', '2025-11-11 00:00:00'),
(607, '7900', '2025-11-12 00:00:00', '2025-11-12 00:00:00'),
(608, '7904', '2025-11-13 00:00:00', '2025-11-13 00:00:00'),
(609, '7911', '2025-11-14 00:00:00', '2025-11-14 00:00:00'),
(610, '7910', '2025-11-15 00:00:00', '2025-11-15 00:00:00'),
(611, '1860', '2025-11-16 00:00:00', '2025-11-16 00:00:00'),
(612, '1840', '2025-11-17 00:00:00', '2025-11-17 00:00:00'),
(613, '1831', '2025-11-18 00:00:00', '2025-11-18 00:00:00'),
(614, '1830', '2025-11-19 00:00:00', '2025-11-19 00:00:00'),
(615, '1804', '2025-11-20 00:00:00', '2025-11-20 00:00:00'),
(616, '1802', '2025-11-21 00:00:00', '2025-11-21 00:00:00'),
(617, '1803', '2025-11-22 00:00:00', '2025-11-22 00:00:00'),
(618, '1801', '2025-11-23 00:00:00', '2025-11-23 00:00:00'),
(619, '1800', '2025-11-24 00:00:00', '2025-11-24 00:00:00'),
(620, '1811', '2025-11-25 00:00:00', '2025-11-25 00:00:00'),
(621, '1810', '2025-11-26 00:00:00', '2025-11-26 00:00:00'),
(622, '1851', '2025-11-27 00:00:00', '2025-11-27 00:00:00'),
(623, '1850', '2025-11-28 00:00:00', '2025-11-28 00:00:00'),
(624, '1852', '2025-11-29 00:00:00', '2025-11-29 00:00:00'),
(625, '1853', '2025-11-30 00:00:00', '2025-11-30 00:00:00'),
(626, '1821', '2025-12-01 00:00:00', '2025-12-01 00:00:00'),
(627, '1822', '2025-12-02 00:00:00', '2025-12-02 00:00:00'),
(628, '1820', '2025-12-03 00:00:00', '2025-12-03 00:00:00'),
(629, '1510', '2025-12-04 00:00:00', '2025-12-04 00:00:00'),
(630, '1511', '2025-12-05 00:00:00', '2025-12-05 00:00:00'),
(631, '1512', '2025-12-06 00:00:00', '2025-12-06 00:00:00'),
(632, '1334', '2025-12-07 00:00:00', '2025-12-07 00:00:00'),
(633, '1534', '2025-12-08 00:00:00', '2025-12-08 00:00:00'),
(634, '1532', '2025-12-09 00:00:00', '2025-12-09 00:00:00'),
(635, '1333', '2025-12-10 00:00:00', '2025-12-10 00:00:00'),
(636, '1533', '2025-12-11 00:00:00', '2025-12-11 00:00:00'),
(637, '1531', '2025-12-12 00:00:00', '2025-12-12 00:00:00'),
(638, '1530', '2025-12-13 00:00:00', '2025-12-13 00:00:00'),
(639, '1335', '2025-12-14 00:00:00', '2025-12-14 00:00:00'),
(640, '1535', '2025-12-15 00:00:00', '2025-12-15 00:00:00'),
(641, '1503', '2025-12-16 00:00:00', '2025-12-16 00:00:00'),
(642, '1502', '2025-12-17 00:00:00', '2025-12-17 00:00:00'),
(643, '1500', '2025-12-18 00:00:00', '2025-12-18 00:00:00'),
(644, '1501', '2025-12-19 00:00:00', '2025-12-19 00:00:00'),
(645, '1542', '2025-12-20 00:00:00', '2025-12-20 00:00:00'),
(646, '1541', '2025-12-21 00:00:00', '2025-12-21 00:00:00'),
(647, '1543', '2025-12-22 00:00:00', '2025-12-22 00:00:00'),
(648, '1544', '2025-12-23 00:00:00', '2025-12-23 00:00:00'),
(649, '1540', '2025-12-24 00:00:00', '2025-12-24 00:00:00'),
(650, '1557', '2025-12-25 00:00:00', '2025-12-25 00:00:00'),
(651, '1551', '2025-12-26 00:00:00', '2025-12-26 00:00:00'),
(652, '1558', '2025-12-27 00:00:00', '2025-12-27 00:00:00'),
(653, '1553', '2025-12-28 00:00:00', '2025-12-28 00:00:00'),
(654, '1554', '2025-12-29 00:00:00', '2025-12-29 00:00:00'),
(655, '1555', '2025-12-30 00:00:00', '2025-12-30 00:00:00'),
(656, '1552', '2025-12-31 00:00:00', '2025-12-31 00:00:00'),
(657, '1550', '2026-01-01 00:00:00', '2026-01-01 00:00:00'),
(658, '1556', '2026-01-02 00:00:00', '2026-01-02 00:00:00'),
(659, '1523', '2026-01-03 00:00:00', '2026-01-03 00:00:00'),
(660, '1522', '2026-01-04 00:00:00', '2026-01-04 00:00:00'),
(661, '1521', '2026-01-05 00:00:00', '2026-01-05 00:00:00'),
(662, '1525', '2026-01-06 00:00:00', '2026-01-06 00:00:00'),
(663, '1524', '2026-01-07 00:00:00', '2026-01-07 00:00:00'),
(664, '1527', '2026-01-08 00:00:00', '2026-01-08 00:00:00'),
(665, '1526', '2026-01-09 00:00:00', '2026-01-09 00:00:00'),
(666, '1520', '2026-01-10 00:00:00', '2026-01-10 00:00:00'),
(667, '2240', '2026-01-11 00:00:00', '2026-01-11 00:00:00'),
(668, '2216', '2026-01-12 00:00:00', '2026-01-12 00:00:00'),
(669, '2234', '2026-01-13 00:00:00', '2026-01-13 00:00:00'),
(670, '2230', '2026-01-14 00:00:00', '2026-01-14 00:00:00'),
(671, '2233', '2026-01-15 00:00:00', '2026-01-15 00:00:00'),
(672, '2231', '2026-01-16 00:00:00', '2026-01-16 00:00:00'),
(673, '2232', '2026-01-17 00:00:00', '2026-01-17 00:00:00'),
(674, '2270', '2026-01-18 00:00:00', '2026-01-18 00:00:00'),
(675, '2271', '2026-01-19 00:00:00', '2026-01-19 00:00:00'),
(676, '2261', '2026-01-20 00:00:00', '2026-01-20 00:00:00'),
(677, '2260', '2026-01-21 00:00:00', '2026-01-21 00:00:00'),
(678, '2262', '2026-01-22 00:00:00', '2026-01-22 00:00:00'),
(679, '2282', '2026-01-23 00:00:00', '2026-01-23 00:00:00'),
(680, '2280', '2026-01-24 00:00:00', '2026-01-24 00:00:00'),
(681, '2281', '2026-01-25 00:00:00', '2026-01-25 00:00:00'),
(682, '2210', '2026-01-26 00:00:00', '2026-01-26 00:00:00'),
(683, '2202', '2026-01-27 00:00:00', '2026-01-27 00:00:00'),
(684, '2204', '2026-01-28 00:00:00', '2026-01-28 00:00:00'),
(685, '2201', '2026-01-29 00:00:00', '2026-01-29 00:00:00'),
(686, '2200', '2026-01-30 00:00:00', '2026-01-30 00:00:00'),
(687, '2205', '2026-01-31 00:00:00', '2026-01-31 00:00:00'),
(688, '2203', '2026-02-01 00:00:00', '2026-02-01 00:00:00'),
(689, '2291', '2026-02-02 00:00:00', '2026-02-02 00:00:00'),
(690, '2290', '2026-02-03 00:00:00', '2026-02-03 00:00:00'),
(691, '2251', '2026-02-04 00:00:00', '2026-02-04 00:00:00'),
(692, '2250', '2026-02-05 00:00:00', '2026-02-05 00:00:00'),
(693, '2252', '2026-02-06 00:00:00', '2026-02-06 00:00:00'),
(694, '2221', '2026-02-07 00:00:00', '2026-02-07 00:00:00'),
(695, '2223', '2026-02-08 00:00:00', '2026-02-08 00:00:00'),
(696, '2222', '2026-02-09 00:00:00', '2026-02-09 00:00:00'),
(697, '2220', '2026-02-10 00:00:00', '2026-02-10 00:00:00'),
(698, '1450', '2026-02-11 00:00:00', '2026-02-11 00:00:00'),
(699, '1451', '2026-02-12 00:00:00', '2026-02-12 00:00:00'),
(700, '1440', '2026-02-13 00:00:00', '2026-02-13 00:00:00'),
(701, '1441', '2026-02-14 00:00:00', '2026-02-14 00:00:00'),
(702, '1442', '2026-02-15 00:00:00', '2026-02-15 00:00:00'),
(703, '1410', '2026-02-16 00:00:00', '2026-02-16 00:00:00'),
(704, '1413', '2026-02-17 00:00:00', '2026-02-17 00:00:00'),
(705, '1411', '2026-02-18 00:00:00', '2026-02-18 00:00:00'),
(706, '1414', '2026-02-19 00:00:00', '2026-02-19 00:00:00'),
(707, '1412', '2026-02-20 00:00:00', '2026-02-20 00:00:00'),
(708, '1421', '2026-02-21 00:00:00', '2026-02-21 00:00:00'),
(709, '1420', '2026-02-22 00:00:00', '2026-02-22 00:00:00'),
(710, '1400', '2026-02-23 00:00:00', '2026-02-23 00:00:00'),
(711, '1462', '2026-02-24 00:00:00', '2026-02-24 00:00:00'),
(712, '1461', '2026-02-25 00:00:00', '2026-02-25 00:00:00'),
(713, '1464', '2026-02-26 00:00:00', '2026-02-26 00:00:00'),
(714, '1463', '2026-02-27 00:00:00', '2026-02-27 00:00:00'),
(715, '1460', '2026-02-28 00:00:00', '2026-02-28 00:00:00'),
(716, '1431', '2026-03-01 00:00:00', '2026-03-01 00:00:00'),
(717, '1432', '2026-03-02 00:00:00', '2026-03-02 00:00:00'),
(718, '1430', '2026-03-03 00:00:00', '2026-03-03 00:00:00'),
(719, '1640', '2026-03-04 00:00:00', '2026-03-04 00:00:00'),
(720, '1651', '2026-03-05 00:00:00', '2026-03-05 00:00:00'),
(721, '1652', '2026-03-06 00:00:00', '2026-03-06 00:00:00'),
(722, '1650', '2026-03-07 00:00:00', '2026-03-07 00:00:00'),
(723, '1605', '2026-03-08 00:00:00', '2026-03-08 00:00:00'),
(724, '1604', '2026-03-09 00:00:00', '2026-03-09 00:00:00'),
(725, '1602', '2026-03-10 00:00:00', '2026-03-10 00:00:00'),
(726, '1600', '2026-03-11 00:00:00', '2026-03-11 00:00:00'),
(727, '1603', '2026-03-12 00:00:00', '2026-03-12 00:00:00'),
(728, '1601', '2026-03-13 00:00:00', '2026-03-13 00:00:00'),
(729, '1612', '2026-03-14 00:00:00', '2026-03-14 00:00:00'),
(730, '1613', '2026-03-15 00:00:00', '2026-03-15 00:00:00'),
(731, '1611', '2026-03-16 00:00:00', '2026-03-16 00:00:00'),
(732, '1610', '2026-03-17 00:00:00', '2026-03-17 00:00:00'),
(733, '1631', '2026-03-18 00:00:00', '2026-03-18 00:00:00'),
(734, '1632', '2026-03-19 00:00:00', '2026-03-19 00:00:00'),
(735, '1630', '2026-03-20 00:00:00', '2026-03-20 00:00:00'),
(736, '1620', '2026-03-21 00:00:00', '2026-03-21 00:00:00'),
(737, '2420', '2026-03-22 00:00:00', '2026-03-22 00:00:00'),
(738, '2470', '2026-03-23 00:00:00', '2026-03-23 00:00:00'),
(739, '2440', '2026-03-24 00:00:00', '2026-03-24 00:00:00'),
(740, '2450', '2026-03-25 00:00:00', '2026-03-25 00:00:00'),
(741, '2416', '2026-03-26 00:00:00', '2026-03-26 00:00:00'),
(742, '2417', '2026-03-27 00:00:00', '2026-03-27 00:00:00'),
(743, '2430', '2026-03-28 00:00:00', '2026-03-28 00:00:00'),
(744, '2480', '2026-03-29 00:00:00', '2026-03-29 00:00:00'),
(745, '2460', '2026-03-30 00:00:00', '2026-03-30 00:00:00'),
(746, '2462', '2026-03-31 00:00:00', '2026-03-31 00:00:00'),
(747, '2490', '2026-04-01 00:00:00', '2026-04-01 00:00:00'),
(748, '2456', '2026-04-02 00:00:00', '2026-04-02 00:00:00'),
(749, '2446', '2026-04-03 00:00:00', '2026-04-03 00:00:00'),
(750, '2401', '2026-04-04 00:00:00', '2026-04-04 00:00:00'),
(751, '2400', '2026-04-05 00:00:00', '2026-04-05 00:00:00'),
(752, '2412', '2026-04-06 00:00:00', '2026-04-06 00:00:00'),
(753, '2410', '2026-04-07 00:00:00', '2026-04-07 00:00:00'),
(754, '2411', '2026-04-08 00:00:00', '2026-04-08 00:00:00'),
(755, '7730', '2026-04-09 00:00:00', '2026-04-09 00:00:00'),
(756, '7731', '2026-04-10 00:00:00', '2026-04-10 00:00:00'),
(757, '7723', '2026-04-11 00:00:00', '2026-04-11 00:00:00'),
(758, '7720', '2026-04-12 00:00:00', '2026-04-12 00:00:00'),
(759, '7721', '2026-04-13 00:00:00', '2026-04-13 00:00:00'),
(760, '7722', '2026-04-14 00:00:00', '2026-04-14 00:00:00'),
(761, '7710', '2026-04-15 00:00:00', '2026-04-15 00:00:00'),
(762, '7711', '2026-04-16 00:00:00', '2026-04-16 00:00:00'),
(763, '7700', '2026-04-17 00:00:00', '2026-04-17 00:00:00'),
(764, '8030', '2026-04-18 00:00:00', '2026-04-18 00:00:00'),
(765, '8040', '2026-04-19 00:00:00', '2026-04-19 00:00:00'),
(766, '8050', '2026-04-20 00:00:00', '2026-04-20 00:00:00'),
(767, '8010', '2026-04-21 00:00:00', '2026-04-21 00:00:00'),
(768, '8021', '2026-04-22 00:00:00', '2026-04-22 00:00:00'),
(769, '8022', '2026-04-23 00:00:00', '2026-04-23 00:00:00'),
(770, '8024', '2026-04-24 00:00:00', '2026-04-24 00:00:00'),
(771, '8020', '2026-04-25 00:00:00', '2026-04-25 00:00:00'),
(772, '8023', '2026-04-26 00:00:00', '2026-04-26 00:00:00'),
(773, '8001', '2026-04-27 00:00:00', '2026-04-27 00:00:00'),
(774, '8002', '2026-04-28 00:00:00', '2026-04-28 00:00:00'),
(775, '8000', '2026-04-29 00:00:00', '2026-04-29 00:00:00'),
(776, '2140', '2026-04-30 00:00:00', '2026-04-30 00:00:00'),
(777, '2120', '2026-05-01 00:00:00', '2026-05-01 00:00:00'),
(778, '2151', '2026-05-02 00:00:00', '2026-05-02 00:00:00'),
(779, '2150', '2026-05-03 00:00:00', '2026-05-03 00:00:00'),
(780, '2111', '2026-05-04 00:00:00', '2026-05-04 00:00:00'),
(781, '2110', '2026-05-05 00:00:00', '2026-05-05 00:00:00'),
(782, '2100', '2026-05-06 00:00:00', '2026-05-06 00:00:00'),
(783, '2130', '2026-05-07 00:00:00', '2026-05-07 00:00:00'),
(784, '1920', '2026-05-08 00:00:00', '2026-05-08 00:00:00'),
(785, '1960', '2026-05-09 00:00:00', '2026-05-09 00:00:00'),
(786, '1910', '2026-05-10 00:00:00', '2026-05-10 00:00:00'),
(787, '1913', '2026-05-11 00:00:00', '2026-05-11 00:00:00'),
(788, '1914', '2026-05-12 00:00:00', '2026-05-12 00:00:00'),
(789, '1911', '2026-05-13 00:00:00', '2026-05-13 00:00:00'),
(790, '1915', '2026-05-14 00:00:00', '2026-05-14 00:00:00'),
(791, '1912', '2026-05-15 00:00:00', '2026-05-15 00:00:00'),
(792, '1982', '2026-05-16 00:00:00', '2026-05-16 00:00:00'),
(793, '1983', '2026-05-17 00:00:00', '2026-05-17 00:00:00'),
(794, '1980', '2026-05-18 00:00:00', '2026-05-18 00:00:00'),
(795, '1984', '2026-05-19 00:00:00', '2026-05-19 00:00:00'),
(796, '1981', '2026-05-20 00:00:00', '2026-05-20 00:00:00'),
(797, '1990', '2026-05-21 00:00:00', '2026-05-21 00:00:00'),
(798, '1992', '2026-05-22 00:00:00', '2026-05-22 00:00:00'),
(799, '1991', '2026-05-23 00:00:00', '2026-05-23 00:00:00'),
(800, '1973', '2026-05-24 00:00:00', '2026-05-24 00:00:00'),
(801, '1974', '2026-05-25 00:00:00', '2026-05-25 00:00:00'),
(802, '1970', '2026-05-26 00:00:00', '2026-05-26 00:00:00'),
(803, '1977', '2026-05-27 00:00:00', '2026-05-27 00:00:00'),
(804, '1976', '2026-05-28 00:00:00', '2026-05-28 00:00:00'),
(805, '1972', '2026-05-29 00:00:00', '2026-05-29 00:00:00'),
(806, '1975', '2026-05-30 00:00:00', '2026-05-30 00:00:00'),
(807, '1971', '2026-05-31 00:00:00', '2026-05-31 00:00:00'),
(808, '1930', '2026-06-01 00:00:00', '2026-06-01 00:00:00'),
(809, '1997', '2026-06-02 00:00:00', '2026-06-02 00:00:00'),
(810, '1996', '2026-06-03 00:00:00', '2026-06-03 00:00:00'),
(811, '1941', '2026-06-04 00:00:00', '2026-06-04 00:00:00'),
(812, '1944', '2026-06-05 00:00:00', '2026-06-05 00:00:00'),
(813, '1942', '2026-06-06 00:00:00', '2026-06-06 00:00:00'),
(814, '1940', '2026-06-07 00:00:00', '2026-06-07 00:00:00'),
(815, '1945', '2026-06-08 00:00:00', '2026-06-08 00:00:00'),
(816, '1943', '2026-06-09 00:00:00', '2026-06-09 00:00:00'),
(817, '1937', '2026-06-10 00:00:00', '2026-06-10 00:00:00'),
(818, '1936', '2026-06-11 00:00:00', '2026-06-11 00:00:00'),
(819, '1938', '2026-06-12 00:00:00', '2026-06-12 00:00:00'),
(820, '1951', '2026-06-13 00:00:00', '2026-06-13 00:00:00'),
(821, '1950', '2026-06-14 00:00:00', '2026-06-14 00:00:00'),
(822, '1901', '2026-06-15 00:00:00', '2026-06-15 00:00:00'),
(823, '1903', '2026-06-16 00:00:00', '2026-06-16 00:00:00'),
(824, '1904', '2026-06-17 00:00:00', '2026-06-17 00:00:00'),
(825, '1902', '2026-06-18 00:00:00', '2026-06-18 00:00:00'),
(826, '1900', '2026-06-19 00:00:00', '2026-06-19 00:00:00'),
(827, '9300', '2026-06-20 00:00:00', '2026-06-20 00:00:00'),
(828, '9301', '2026-06-21 00:00:00', '2026-06-21 00:00:00'),
(829, '9302', '2026-06-22 00:00:00', '2026-06-22 00:00:00'),
(830, '9350', '2026-06-23 00:00:00', '2026-06-23 00:00:00'),
(831, '9351', '2026-06-24 00:00:00', '2026-06-24 00:00:00'),
(832, '9361', '2026-06-25 00:00:00', '2026-06-25 00:00:00'),
(833, '9360', '2026-06-26 00:00:00', '2026-06-26 00:00:00'),
(834, '9372', '2026-06-27 00:00:00', '2026-06-27 00:00:00'),
(835, '9370', '2026-06-28 00:00:00', '2026-06-28 00:00:00'),
(836, '9371', '2026-06-29 00:00:00', '2026-06-29 00:00:00'),
(837, '9310', '2026-06-30 00:00:00', '2026-06-30 00:00:00'),
(838, '9311', '2026-07-01 00:00:00', '2026-07-01 00:00:00'),
(839, '9383', '2026-07-02 00:00:00', '2026-07-02 00:00:00'),
(840, '9382', '2026-07-03 00:00:00', '2026-07-03 00:00:00'),
(841, '9381', '2026-07-04 00:00:00', '2026-07-04 00:00:00'),
(842, '9380', '2026-07-05 00:00:00', '2026-07-05 00:00:00'),
(843, '9384', '2026-07-06 00:00:00', '2026-07-06 00:00:00'),
(844, '9385', '2026-07-07 00:00:00', '2026-07-07 00:00:00'),
(845, '9320', '2026-07-08 00:00:00', '2026-07-08 00:00:00'),
(846, '9321', '2026-07-09 00:00:00', '2026-07-09 00:00:00'),
(847, '9322', '2026-07-10 00:00:00', '2026-07-10 00:00:00');
INSERT INTO `cod_pincodes` (`id`, `pincode`, `created_at`, `updated_at`) VALUES
(848, '9341', '2026-07-11 00:00:00', '2026-07-11 00:00:00'),
(849, '9343', '2026-07-12 00:00:00', '2026-07-12 00:00:00'),
(850, '9340', '2026-07-13 00:00:00', '2026-07-13 00:00:00'),
(851, '9342', '2026-07-14 00:00:00', '2026-07-14 00:00:00'),
(852, '9330', '2026-07-15 00:00:00', '2026-07-15 00:00:00'),
(853, '7210', '2026-07-16 00:00:00', '2026-07-16 00:00:00'),
(854, '7211', '2026-07-17 00:00:00', '2026-07-17 00:00:00'),
(855, '7200', '2026-07-18 00:00:00', '2026-07-18 00:00:00'),
(856, '7201', '2026-07-19 00:00:00', '2026-07-19 00:00:00'),
(857, '7222', '2026-07-20 00:00:00', '2026-07-20 00:00:00'),
(858, '7220', '2026-07-21 00:00:00', '2026-07-21 00:00:00'),
(859, '7221', '2026-07-22 00:00:00', '2026-07-22 00:00:00'),
(860, '7230', '2026-07-23 00:00:00', '2026-07-23 00:00:00'),
(861, '7470', '2026-07-24 00:00:00', '2026-07-24 00:00:00'),
(862, '7471', '2026-07-25 00:00:00', '2026-07-25 00:00:00'),
(863, '7410', '2026-07-26 00:00:00', '2026-07-26 00:00:00'),
(864, '7406', '2026-07-27 00:00:00', '2026-07-27 00:00:00'),
(865, '7402', '2026-07-28 00:00:00', '2026-07-28 00:00:00'),
(866, '7407', '2026-07-29 00:00:00', '2026-07-29 00:00:00'),
(867, '7404', '2026-07-30 00:00:00', '2026-07-30 00:00:00'),
(868, '7403', '2026-07-31 00:00:00', '2026-07-31 00:00:00'),
(869, '7400', '2026-08-01 00:00:00', '2026-08-01 00:00:00'),
(870, '7401', '2026-08-02 00:00:00', '2026-08-02 00:00:00'),
(871, '7405', '2026-08-03 00:00:00', '2026-08-03 00:00:00'),
(872, '7420', '2026-08-04 00:00:00', '2026-08-04 00:00:00'),
(873, '7450', '2026-08-05 00:00:00', '2026-08-05 00:00:00'),
(874, '7440', '2026-08-06 00:00:00', '2026-08-06 00:00:00'),
(875, '7462', '2026-08-07 00:00:00', '2026-08-07 00:00:00'),
(876, '7460', '2026-08-08 00:00:00', '2026-08-08 00:00:00'),
(877, '7461', '2026-08-09 00:00:00', '2026-08-09 00:00:00'),
(878, '7433', '2026-08-10 00:00:00', '2026-08-10 00:00:00'),
(879, '7431', '2026-08-11 00:00:00', '2026-08-11 00:00:00'),
(880, '7432', '2026-08-12 00:00:00', '2026-08-12 00:00:00'),
(881, '7430', '2026-08-13 00:00:00', '2026-08-13 00:00:00'),
(882, '7310', '2026-08-14 00:00:00', '2026-08-14 00:00:00'),
(883, '7301', '2026-08-15 00:00:00', '2026-08-15 00:00:00'),
(884, '7300', '2026-08-16 00:00:00', '2026-08-16 00:00:00'),
(885, '7330', '2026-08-17 00:00:00', '2026-08-17 00:00:00'),
(886, '7340', '2026-08-18 00:00:00', '2026-08-18 00:00:00'),
(887, '7351', '2026-08-19 00:00:00', '2026-08-19 00:00:00'),
(888, '7350', '2026-08-20 00:00:00', '2026-08-20 00:00:00'),
(889, '7321', '2026-08-21 00:00:00', '2026-08-21 00:00:00'),
(890, '7320', '2026-08-22 00:00:00', '2026-08-22 00:00:00'),
(891, '9240', '2026-08-23 00:00:00', '2026-08-23 00:00:00'),
(892, '9242', '2026-08-24 00:00:00', '2026-08-24 00:00:00'),
(893, '9241', '2026-08-25 00:00:00', '2026-08-25 00:00:00'),
(894, '9260', '2026-08-26 00:00:00', '2026-08-26 00:00:00'),
(895, '9261', '2026-08-27 00:00:00', '2026-08-27 00:00:00'),
(896, '9272', '2026-08-28 00:00:00', '2026-08-28 00:00:00'),
(897, '9270', '2026-08-29 00:00:00', '2026-08-29 00:00:00'),
(898, '9271', '2026-08-30 00:00:00', '2026-08-30 00:00:00'),
(899, '9273', '2026-08-31 00:00:00', '2026-08-31 00:00:00'),
(900, '9221', '2026-09-01 00:00:00', '2026-09-01 00:00:00'),
(901, '9220', '2026-09-02 00:00:00', '2026-09-02 00:00:00'),
(902, '9224', '2026-09-03 00:00:00', '2026-09-03 00:00:00'),
(903, '9223', '2026-09-04 00:00:00', '2026-09-04 00:00:00'),
(904, '9222', '2026-09-05 00:00:00', '2026-09-05 00:00:00'),
(905, '9207', '2026-09-06 00:00:00', '2026-09-06 00:00:00'),
(906, '9203', '2026-09-07 00:00:00', '2026-09-07 00:00:00'),
(907, '9202', '2026-09-08 00:00:00', '2026-09-08 00:00:00'),
(908, '9205', '2026-09-09 00:00:00', '2026-09-09 00:00:00'),
(909, '9100', '2026-09-10 00:00:00', '2026-09-10 00:00:00'),
(910, '9000', '2026-09-11 00:00:00', '2026-09-11 00:00:00'),
(911, '9201', '2026-09-12 00:00:00', '2026-09-12 00:00:00'),
(912, '9208', '2026-09-13 00:00:00', '2026-09-13 00:00:00'),
(913, '9204', '2026-09-14 00:00:00', '2026-09-14 00:00:00'),
(914, '9206', '2026-09-15 00:00:00', '2026-09-15 00:00:00'),
(915, '9291', '2026-09-16 00:00:00', '2026-09-16 00:00:00'),
(916, '9290', '2026-09-17 00:00:00', '2026-09-17 00:00:00'),
(917, '9284', '2026-09-18 00:00:00', '2026-09-18 00:00:00'),
(918, '9285', '2026-09-19 00:00:00', '2026-09-19 00:00:00'),
(919, '9281', '2026-09-20 00:00:00', '2026-09-20 00:00:00'),
(920, '9282', '2026-09-21 00:00:00', '2026-09-21 00:00:00'),
(921, '9283', '2026-09-22 00:00:00', '2026-09-22 00:00:00'),
(922, '9280', '2026-09-23 00:00:00', '2026-09-23 00:00:00'),
(923, '9210', '2026-09-24 00:00:00', '2026-09-24 00:00:00'),
(924, '9252', '2026-09-25 00:00:00', '2026-09-25 00:00:00'),
(925, '9251', '2026-09-26 00:00:00', '2026-09-26 00:00:00'),
(926, '9250', '2026-09-27 00:00:00', '2026-09-27 00:00:00'),
(927, '9253', '2026-09-28 00:00:00', '2026-09-28 00:00:00'),
(928, '9231', '2026-09-29 00:00:00', '2026-09-29 00:00:00'),
(929, '9230', '2026-09-30 00:00:00', '2026-09-30 00:00:00'),
(930, '7042', '2026-10-01 00:00:00', '2026-10-01 00:00:00'),
(931, '7040', '2026-10-02 00:00:00', '2026-10-02 00:00:00'),
(932, '7041', '2026-10-03 00:00:00', '2026-10-03 00:00:00'),
(933, '7020', '2026-10-04 00:00:00', '2026-10-04 00:00:00'),
(934, '7021', '2026-10-05 00:00:00', '2026-10-05 00:00:00'),
(935, '7010', '2026-10-06 00:00:00', '2026-10-06 00:00:00'),
(936, '7011', '2026-10-07 00:00:00', '2026-10-07 00:00:00'),
(937, '7003', '2026-10-08 00:00:00', '2026-10-08 00:00:00'),
(938, '7002', '2026-10-09 00:00:00', '2026-10-09 00:00:00'),
(939, '7001', '2026-10-10 00:00:00', '2026-10-10 00:00:00'),
(940, '7000', '2026-10-11 00:00:00', '2026-10-11 00:00:00'),
(941, '7032', '2026-10-12 00:00:00', '2026-10-12 00:00:00'),
(942, '7030', '2026-10-13 00:00:00', '2026-10-13 00:00:00'),
(943, '7031', '2026-10-14 00:00:00', '2026-10-14 00:00:00'),
(944, '7052', '2026-10-15 00:00:00', '2026-10-15 00:00:00'),
(945, '7050', '2026-10-16 00:00:00', '2026-10-16 00:00:00'),
(946, '7051', '2026-10-17 00:00:00', '2026-10-17 00:00:00'),
(947, '7620', '2026-10-18 00:00:00', '2026-10-18 00:00:00'),
(948, '7600', '2026-10-19 00:00:00', '2026-10-19 00:00:00'),
(949, '7631', '2026-10-20 00:00:00', '2026-10-20 00:00:00'),
(950, '7630', '2026-10-21 00:00:00', '2026-10-21 00:00:00'),
(951, '7632', '2026-10-22 00:00:00', '2026-10-22 00:00:00'),
(952, '7611', '2026-10-23 00:00:00', '2026-10-23 00:00:00'),
(953, '7612', '2026-10-24 00:00:00', '2026-10-24 00:00:00'),
(954, '7610', '2026-10-25 00:00:00', '2026-10-25 00:00:00'),
(955, '7110', '2026-10-26 00:00:00', '2026-10-26 00:00:00'),
(956, '7101', '2026-10-27 00:00:00', '2026-10-27 00:00:00'),
(957, '7152', '2026-10-28 00:00:00', '2026-10-28 00:00:00'),
(958, '7100', '2026-10-29 00:00:00', '2026-10-29 00:00:00'),
(959, '7102', '2026-10-30 00:00:00', '2026-10-30 00:00:00'),
(960, '7520', '2026-10-31 00:00:00', '2026-10-31 00:00:00'),
(961, '7514', '2026-11-01 00:00:00', '2026-11-01 00:00:00'),
(962, '7512', '2026-11-02 00:00:00', '2026-11-02 00:00:00'),
(963, '7510', '2026-11-03 00:00:00', '2026-11-03 00:00:00'),
(964, '7511', '2026-11-04 00:00:00', '2026-11-04 00:00:00'),
(965, '7513', '2026-11-05 00:00:00', '2026-11-05 00:00:00'),
(966, '7521', '2026-11-06 00:00:00', '2026-11-06 00:00:00'),
(967, '7500', '2026-11-07 00:00:00', '2026-11-07 00:00:00'),
(968, '7501', '2026-11-08 00:00:00', '2026-11-08 00:00:00'),
(969, '9460', '2026-11-09 00:00:00', '2026-11-09 00:00:00'),
(970, '9461', '2026-11-10 00:00:00', '2026-11-10 00:00:00'),
(971, '9430', '2026-11-11 00:00:00', '2026-11-11 00:00:00'),
(972, '9431', '2026-11-12 00:00:00', '2026-11-12 00:00:00'),
(973, '9415', '2026-11-13 00:00:00', '2026-11-13 00:00:00'),
(974, '9413', '2026-11-14 00:00:00', '2026-11-14 00:00:00'),
(975, '9412', '2026-11-15 00:00:00', '2026-11-15 00:00:00'),
(976, '9410', '2026-11-16 00:00:00', '2026-11-16 00:00:00'),
(977, '9414', '2026-11-17 00:00:00', '2026-11-17 00:00:00'),
(978, '9411', '2026-11-18 00:00:00', '2026-11-18 00:00:00'),
(979, '9440', '2026-11-19 00:00:00', '2026-11-19 00:00:00'),
(980, '9441', '2026-11-20 00:00:00', '2026-11-20 00:00:00'),
(981, '9442', '2026-11-21 00:00:00', '2026-11-21 00:00:00'),
(982, '9453', '2026-11-22 00:00:00', '2026-11-22 00:00:00'),
(983, '9454', '2026-11-23 00:00:00', '2026-11-23 00:00:00'),
(984, '9455', '2026-11-24 00:00:00', '2026-11-24 00:00:00'),
(985, '9450', '2026-11-25 00:00:00', '2026-11-25 00:00:00'),
(986, '9452', '2026-11-26 00:00:00', '2026-11-26 00:00:00'),
(987, '9451', '2026-11-27 00:00:00', '2026-11-27 00:00:00'),
(988, '9403', '2026-11-28 00:00:00', '2026-11-28 00:00:00'),
(989, '9402', '2026-11-29 00:00:00', '2026-11-29 00:00:00'),
(990, '9401', '2026-11-30 00:00:00', '2026-11-30 00:00:00'),
(991, '9400', '2026-12-01 00:00:00', '2026-12-01 00:00:00'),
(992, '9421', '2026-12-02 00:00:00', '2026-12-02 00:00:00'),
(993, '9420', '2026-12-03 00:00:00', '2026-12-03 00:00:00'),
(994, '5890', '2026-12-04 00:00:00', '2026-12-04 00:00:00'),
(995, '5892', '2026-12-05 00:00:00', '2026-12-05 00:00:00'),
(996, '5891', '2026-12-06 00:00:00', '2026-12-06 00:00:00'),
(997, '5801', '2026-12-07 00:00:00', '2026-12-07 00:00:00'),
(998, '5800', '2026-12-08 00:00:00', '2026-12-08 00:00:00'),
(999, '5850', '2026-12-09 00:00:00', '2026-12-09 00:00:00'),
(1000, '5851', '2026-12-10 00:00:00', '2026-12-10 00:00:00'),
(1001, '5880', '2026-12-11 00:00:00', '2026-12-11 00:00:00'),
(1002, '5881', '2026-12-12 00:00:00', '2026-12-12 00:00:00'),
(1003, '5820', '2026-12-13 00:00:00', '2026-12-13 00:00:00'),
(1004, '5821', '2026-12-14 00:00:00', '2026-12-14 00:00:00'),
(1005, '5870', '2026-12-15 00:00:00', '2026-12-15 00:00:00'),
(1006, '5860', '2026-12-16 00:00:00', '2026-12-16 00:00:00'),
(1007, '5831', '2026-12-17 00:00:00', '2026-12-17 00:00:00'),
(1008, '5830', '2026-12-18 00:00:00', '2026-12-18 00:00:00'),
(1009, '5841', '2026-12-19 00:00:00', '2026-12-19 00:00:00'),
(1010, '5842', '2026-12-20 00:00:00', '2026-12-20 00:00:00'),
(1011, '5840', '2026-12-21 00:00:00', '2026-12-21 00:00:00'),
(1012, '5810', '2026-12-22 00:00:00', '2026-12-22 00:00:00'),
(1013, '5826', '2026-12-23 00:00:00', '2026-12-23 00:00:00'),
(1014, '6330', '2026-12-24 00:00:00', '2026-12-24 00:00:00'),
(1015, '6303', '2026-12-25 00:00:00', '2026-12-25 00:00:00'),
(1016, '6300', '2026-12-26 00:00:00', '2026-12-26 00:00:00'),
(1017, '6301', '2026-12-27 00:00:00', '2026-12-27 00:00:00'),
(1018, '6302', '2026-12-28 00:00:00', '2026-12-28 00:00:00'),
(1019, '6311', '2026-12-29 00:00:00', '2026-12-29 00:00:00'),
(1020, '6310', '2026-12-30 00:00:00', '2026-12-30 00:00:00'),
(1021, '6321', '2026-12-31 00:00:00', '2026-12-31 00:00:00'),
(1022, '6320', '2027-01-01 00:00:00', '2027-01-01 00:00:00'),
(1023, '6341', '2027-01-02 00:00:00', '2027-01-02 00:00:00'),
(1024, '6342', '2027-01-03 00:00:00', '2027-01-03 00:00:00'),
(1025, '6340', '2027-01-04 00:00:00', '2027-01-04 00:00:00'),
(1026, '5940', '2027-01-05 00:00:00', '2027-01-05 00:00:00'),
(1027, '5941', '2027-01-06 00:00:00', '2027-01-06 00:00:00'),
(1028, '5942', '2027-01-07 00:00:00', '2027-01-07 00:00:00'),
(1029, '5900', '2027-01-08 00:00:00', '2027-01-08 00:00:00'),
(1030, '5930', '2027-01-09 00:00:00', '2027-01-09 00:00:00'),
(1031, '5920', '2027-01-10 00:00:00', '2027-01-10 00:00:00'),
(1032, '5910', '2027-01-11 00:00:00', '2027-01-11 00:00:00'),
(1033, '6596', '2027-01-12 00:00:00', '2027-01-12 00:00:00'),
(1034, '6597', '2027-01-13 00:00:00', '2027-01-13 00:00:00'),
(1035, '6570', '2027-01-14 00:00:00', '2027-01-14 00:00:00'),
(1036, '6580', '2027-01-15 00:00:00', '2027-01-15 00:00:00'),
(1037, '6530', '2027-01-16 00:00:00', '2027-01-16 00:00:00'),
(1038, '6500', '2027-01-17 00:00:00', '2027-01-17 00:00:00'),
(1039, '6520', '2027-01-18 00:00:00', '2027-01-18 00:00:00'),
(1040, '6550', '2027-01-19 00:00:00', '2027-01-19 00:00:00'),
(1041, '6552', '2027-01-20 00:00:00', '2027-01-20 00:00:00'),
(1042, '6551', '2027-01-21 00:00:00', '2027-01-21 00:00:00'),
(1043, '6540', '2027-01-22 00:00:00', '2027-01-22 00:00:00'),
(1044, '6512', '2027-01-23 00:00:00', '2027-01-23 00:00:00'),
(1045, '6511', '2027-01-24 00:00:00', '2027-01-24 00:00:00'),
(1046, '6510', '2027-01-25 00:00:00', '2027-01-25 00:00:00'),
(1047, '6591', '2027-01-26 00:00:00', '2027-01-26 00:00:00'),
(1048, '6590', '2027-01-27 00:00:00', '2027-01-27 00:00:00'),
(1049, '6561', '2027-01-28 00:00:00', '2027-01-28 00:00:00'),
(1050, '6560', '2027-01-29 00:00:00', '2027-01-29 00:00:00'),
(1051, '6422', '2027-01-30 00:00:00', '2027-01-30 00:00:00'),
(1052, '6420', '2027-01-31 00:00:00', '2027-01-31 00:00:00'),
(1053, '6421', '2027-02-01 00:00:00', '2027-02-01 00:00:00'),
(1054, '6432', '2027-02-02 00:00:00', '2027-02-02 00:00:00'),
(1055, '6431', '2027-02-03 00:00:00', '2027-02-03 00:00:00'),
(1056, '6430', '2027-02-04 00:00:00', '2027-02-04 00:00:00'),
(1057, '6440', '2027-02-05 00:00:00', '2027-02-05 00:00:00'),
(1058, '6410', '2027-02-06 00:00:00', '2027-02-06 00:00:00'),
(1059, '6402', '2027-02-07 00:00:00', '2027-02-07 00:00:00'),
(1060, '6401', '2027-02-08 00:00:00', '2027-02-08 00:00:00'),
(1061, '6403', '2027-02-09 00:00:00', '2027-02-09 00:00:00'),
(1062, '6400', '2027-02-10 00:00:00', '2027-02-10 00:00:00'),
(1063, '6450', '2027-02-11 00:00:00', '2027-02-11 00:00:00'),
(1064, '6650', '2027-02-12 00:00:00', '2027-02-12 00:00:00'),
(1065, '6680', '2027-02-13 00:00:00', '2027-02-13 00:00:00'),
(1066, '6682', '2027-02-14 00:00:00', '2027-02-14 00:00:00'),
(1067, '6681', '2027-02-15 00:00:00', '2027-02-15 00:00:00'),
(1068, '6683', '2027-02-16 00:00:00', '2027-02-16 00:00:00'),
(1069, '6640', '2027-02-17 00:00:00', '2027-02-17 00:00:00'),
(1070, '6630', '2027-02-18 00:00:00', '2027-02-18 00:00:00'),
(1071, '6610', '2027-02-19 00:00:00', '2027-02-19 00:00:00'),
(1072, '6621', '2027-02-20 00:00:00', '2027-02-20 00:00:00'),
(1073, '6620', '2027-02-21 00:00:00', '2027-02-21 00:00:00'),
(1074, '6622', '2027-02-22 00:00:00', '2027-02-22 00:00:00'),
(1075, '6623', '2027-02-23 00:00:00', '2027-02-23 00:00:00'),
(1076, '6602', '2027-02-24 00:00:00', '2027-02-24 00:00:00'),
(1077, '6601', '2027-02-25 00:00:00', '2027-02-25 00:00:00'),
(1078, '6600', '2027-02-26 00:00:00', '2027-02-26 00:00:00'),
(1079, '6670', '2027-02-27 00:00:00', '2027-02-27 00:00:00'),
(1080, '6661', '2027-02-28 00:00:00', '2027-02-28 00:00:00'),
(1081, '6660', '2027-03-01 00:00:00', '2027-03-01 00:00:00'),
(1082, '6281', '2027-03-02 00:00:00', '2027-03-02 00:00:00'),
(1083, '6280', '2027-03-03 00:00:00', '2027-03-03 00:00:00'),
(1084, '6250', '2027-03-04 00:00:00', '2027-03-04 00:00:00'),
(1085, '6251', '2027-03-05 00:00:00', '2027-03-05 00:00:00'),
(1086, '6270', '2027-03-06 00:00:00', '2027-03-06 00:00:00'),
(1087, '6271', '2027-03-07 00:00:00', '2027-03-07 00:00:00'),
(1088, '6240', '2027-03-08 00:00:00', '2027-03-08 00:00:00'),
(1089, '6290', '2027-03-09 00:00:00', '2027-03-09 00:00:00'),
(1090, '6291', '2027-03-10 00:00:00', '2027-03-10 00:00:00'),
(1091, '6220', '2027-03-11 00:00:00', '2027-03-11 00:00:00'),
(1092, '6210', '2027-03-12 00:00:00', '2027-03-12 00:00:00'),
(1093, '6211', '2027-03-13 00:00:00', '2027-03-13 00:00:00'),
(1094, '6212', '2027-03-14 00:00:00', '2027-03-14 00:00:00'),
(1095, '6260', '2027-03-15 00:00:00', '2027-03-15 00:00:00'),
(1096, '6206', '2027-03-16 00:00:00', '2027-03-16 00:00:00'),
(1097, '6100', '2027-03-17 00:00:00', '2027-03-17 00:00:00'),
(1098, '6204', '2027-03-18 00:00:00', '2027-03-18 00:00:00'),
(1099, '6202', '2027-03-19 00:00:00', '2027-03-19 00:00:00'),
(1100, '6201', '2027-03-20 00:00:00', '2027-03-20 00:00:00'),
(1101, '6000', '2027-03-21 00:00:00', '2027-03-21 00:00:00'),
(1102, '6205', '2027-03-22 00:00:00', '2027-03-22 00:00:00'),
(1103, '6203', '2027-03-23 00:00:00', '2027-03-23 00:00:00'),
(1104, '6230', '2027-03-24 00:00:00', '2027-03-24 00:00:00'),
(1105, '6730', '2027-03-25 00:00:00', '2027-03-25 00:00:00'),
(1106, '6740', '2027-03-26 00:00:00', '2027-03-26 00:00:00'),
(1107, '6751', '2027-03-27 00:00:00', '2027-03-27 00:00:00'),
(1108, '6742', '2027-03-28 00:00:00', '2027-03-28 00:00:00'),
(1109, '6741', '2027-03-29 00:00:00', '2027-03-29 00:00:00'),
(1110, '6752', '2027-03-30 00:00:00', '2027-03-30 00:00:00'),
(1111, '6720', '2027-03-31 00:00:00', '2027-03-31 00:00:00'),
(1112, '6721', '2027-04-01 00:00:00', '2027-04-01 00:00:00'),
(1113, '6712', '2027-04-02 00:00:00', '2027-04-02 00:00:00'),
(1114, '6710', '2027-04-03 00:00:00', '2027-04-03 00:00:00'),
(1115, '6711', '2027-04-04 00:00:00', '2027-04-04 00:00:00'),
(1116, '6772', '2027-04-05 00:00:00', '2027-04-05 00:00:00'),
(1117, '6773', '2027-04-06 00:00:00', '2027-04-06 00:00:00'),
(1118, '6771', '2027-04-07 00:00:00', '2027-04-07 00:00:00'),
(1119, '6770', '2027-04-08 00:00:00', '2027-04-08 00:00:00'),
(1120, '6701', '2027-04-09 00:00:00', '2027-04-09 00:00:00'),
(1121, '6702', '2027-04-10 00:00:00', '2027-04-10 00:00:00'),
(1122, '6700', '2027-04-11 00:00:00', '2027-04-11 00:00:00'),
(1123, '6780', '2027-04-12 00:00:00', '2027-04-12 00:00:00'),
(1124, '6762', '2027-04-13 00:00:00', '2027-04-13 00:00:00'),
(1125, '6763', '2027-04-14 00:00:00', '2027-04-14 00:00:00'),
(1126, '6760', '2027-04-15 00:00:00', '2027-04-15 00:00:00'),
(1127, '6761', '2027-04-16 00:00:00', '2027-04-16 00:00:00'),
(1128, '3360', '2027-04-17 00:00:00', '2027-04-17 00:00:00'),
(1129, '3310', '2027-04-18 00:00:00', '2027-04-18 00:00:00'),
(1130, '3350', '2027-04-19 00:00:00', '2027-04-19 00:00:00'),
(1131, '3351', '2027-04-20 00:00:00', '2027-04-20 00:00:00'),
(1132, '3352', '2027-04-21 00:00:00', '2027-04-21 00:00:00'),
(1133, '3321', '2027-04-22 00:00:00', '2027-04-22 00:00:00'),
(1134, '3320', '2027-04-23 00:00:00', '2027-04-23 00:00:00'),
(1135, '3322', '2027-04-24 00:00:00', '2027-04-24 00:00:00'),
(1136, '3302', '2027-04-25 00:00:00', '2027-04-25 00:00:00'),
(1137, '3300', '2027-04-26 00:00:00', '2027-04-26 00:00:00'),
(1138, '3301', '2027-04-27 00:00:00', '2027-04-27 00:00:00'),
(1139, '3340', '2027-04-28 00:00:00', '2027-04-28 00:00:00'),
(1140, '3341', '2027-04-29 00:00:00', '2027-04-29 00:00:00'),
(1141, '3331', '2027-04-30 00:00:00', '2027-04-30 00:00:00'),
(1142, '3330', '2027-05-01 00:00:00', '2027-05-01 00:00:00'),
(1143, '3333', '2027-05-02 00:00:00', '2027-05-02 00:00:00'),
(1144, '3332', '2027-05-03 00:00:00', '2027-05-03 00:00:00'),
(1145, '3373', '2027-05-04 00:00:00', '2027-05-04 00:00:00'),
(1146, '3372', '2027-05-05 00:00:00', '2027-05-05 00:00:00'),
(1147, '3371', '2027-05-06 00:00:00', '2027-05-06 00:00:00'),
(1148, '3374', '2027-05-07 00:00:00', '2027-05-07 00:00:00'),
(1149, '3370', '2027-05-08 00:00:00', '2027-05-08 00:00:00'),
(1150, '3250', '2027-05-09 00:00:00', '2027-05-09 00:00:00'),
(1151, '3252', '2027-05-10 00:00:00', '2027-05-10 00:00:00'),
(1152, '3251', '2027-05-11 00:00:00', '2027-05-11 00:00:00'),
(1153, '3253', '2027-05-12 00:00:00', '2027-05-12 00:00:00'),
(1154, '3220', '2027-05-13 00:00:00', '2027-05-13 00:00:00'),
(1155, '3221', '2027-05-14 00:00:00', '2027-05-14 00:00:00'),
(1156, '3224', '2027-05-15 00:00:00', '2027-05-15 00:00:00'),
(1157, '3222', '2027-05-16 00:00:00', '2027-05-16 00:00:00'),
(1158, '3223', '2027-05-17 00:00:00', '2027-05-17 00:00:00'),
(1159, '3237', '2027-05-18 00:00:00', '2027-05-18 00:00:00'),
(1160, '3234', '2027-05-19 00:00:00', '2027-05-19 00:00:00'),
(1161, '3235', '2027-05-20 00:00:00', '2027-05-20 00:00:00'),
(1162, '3230', '2027-05-21 00:00:00', '2027-05-21 00:00:00'),
(1163, '3232', '2027-05-22 00:00:00', '2027-05-22 00:00:00'),
(1164, '3233', '2027-05-23 00:00:00', '2027-05-23 00:00:00'),
(1165, '3231', '2027-05-24 00:00:00', '2027-05-24 00:00:00'),
(1166, '3203', '2027-05-25 00:00:00', '2027-05-25 00:00:00'),
(1167, '3201', '2027-05-26 00:00:00', '2027-05-26 00:00:00'),
(1168, '3202', '2027-05-27 00:00:00', '2027-05-27 00:00:00'),
(1169, '3200', '2027-05-28 00:00:00', '2027-05-28 00:00:00'),
(1170, '3240', '2027-05-29 00:00:00', '2027-05-29 00:00:00'),
(1171, '3212', '2027-05-30 00:00:00', '2027-05-30 00:00:00'),
(1172, '3213', '2027-05-31 00:00:00', '2027-05-31 00:00:00'),
(1173, '3211', '2027-06-01 00:00:00', '2027-06-01 00:00:00'),
(1174, '3214', '2027-06-02 00:00:00', '2027-06-02 00:00:00'),
(1175, '3210', '2027-06-03 00:00:00', '2027-06-03 00:00:00'),
(1176, '3010', '2027-06-04 00:00:00', '2027-06-04 00:00:00'),
(1177, '3080', '2027-06-05 00:00:00', '2027-06-05 00:00:00'),
(1178, '3081', '2027-06-06 00:00:00', '2027-06-06 00:00:00'),
(1179, '3082', '2027-06-07 00:00:00', '2027-06-07 00:00:00'),
(1180, '3893', '2027-06-08 00:00:00', '2027-06-08 00:00:00'),
(1181, '3083', '2027-06-09 00:00:00', '2027-06-09 00:00:00'),
(1182, '3084', '2027-06-10 00:00:00', '2027-06-10 00:00:00'),
(1183, '3088', '2027-06-11 00:00:00', '2027-06-11 00:00:00'),
(1184, '3087', '2027-06-12 00:00:00', '2027-06-12 00:00:00'),
(1185, '3085', '2027-06-13 00:00:00', '2027-06-13 00:00:00'),
(1186, '3086', '2027-06-14 00:00:00', '2027-06-14 00:00:00'),
(1187, '3040', '2027-06-15 00:00:00', '2027-06-15 00:00:00'),
(1188, '3041', '2027-06-16 00:00:00', '2027-06-16 00:00:00'),
(1189, '3070', '2027-06-17 00:00:00', '2027-06-17 00:00:00'),
(1190, '3050', '2027-06-18 00:00:00', '2027-06-18 00:00:00'),
(1191, '3062', '2027-06-19 00:00:00', '2027-06-19 00:00:00'),
(1192, '3063', '2027-06-20 00:00:00', '2027-06-20 00:00:00'),
(1193, '3060', '2027-06-21 00:00:00', '2027-06-21 00:00:00'),
(1194, '3064', '2027-06-22 00:00:00', '2027-06-22 00:00:00'),
(1195, '3065', '2027-06-23 00:00:00', '2027-06-23 00:00:00'),
(1196, '3061', '2027-06-24 00:00:00', '2027-06-24 00:00:00'),
(1197, '3020', '2027-06-25 00:00:00', '2027-06-25 00:00:00'),
(1198, '3001', '2027-06-26 00:00:00', '2027-06-26 00:00:00'),
(1199, '3002', '2027-06-27 00:00:00', '2027-06-27 00:00:00'),
(1200, '3000', '2027-06-28 00:00:00', '2027-06-28 00:00:00'),
(1201, '3030', '2027-06-29 00:00:00', '2027-06-29 00:00:00'),
(1202, '3120', '2027-06-30 00:00:00', '2027-06-30 00:00:00'),
(1203, '3125', '2027-07-01 00:00:00', '2027-07-01 00:00:00'),
(1204, '3122', '2027-07-02 00:00:00', '2027-07-02 00:00:00'),
(1205, '3128', '2027-07-03 00:00:00', '2027-07-03 00:00:00'),
(1206, '3124', '2027-07-04 00:00:00', '2027-07-04 00:00:00'),
(1207, '3121', '2027-07-05 00:00:00', '2027-07-05 00:00:00'),
(1208, '3127', '2027-07-06 00:00:00', '2027-07-06 00:00:00'),
(1209, '3129', '2027-07-07 00:00:00', '2027-07-07 00:00:00'),
(1210, '3126', '2027-07-08 00:00:00', '2027-07-08 00:00:00'),
(1211, '3123', '2027-07-09 00:00:00', '2027-07-09 00:00:00'),
(1212, '3170', '2027-07-10 00:00:00', '2027-07-10 00:00:00'),
(1213, '3175', '2027-07-11 00:00:00', '2027-07-11 00:00:00'),
(1214, '3171', '2027-07-12 00:00:00', '2027-07-12 00:00:00'),
(1215, '3173', '2027-07-13 00:00:00', '2027-07-13 00:00:00'),
(1216, '3172', '2027-07-14 00:00:00', '2027-07-14 00:00:00'),
(1217, '3174', '2027-07-15 00:00:00', '2027-07-15 00:00:00'),
(1218, '3130', '2027-07-16 00:00:00', '2027-07-16 00:00:00'),
(1219, '3131', '2027-07-17 00:00:00', '2027-07-17 00:00:00'),
(1220, '3133', '2027-07-18 00:00:00', '2027-07-18 00:00:00'),
(1221, '3132', '2027-07-19 00:00:00', '2027-07-19 00:00:00'),
(1222, '3134', '2027-07-20 00:00:00', '2027-07-20 00:00:00'),
(1223, '3116', '2027-07-21 00:00:00', '2027-07-21 00:00:00'),
(1224, '3117', '2027-07-22 00:00:00', '2027-07-22 00:00:00'),
(1225, '3152', '2027-07-23 00:00:00', '2027-07-23 00:00:00'),
(1226, '3150', '2027-07-24 00:00:00', '2027-07-24 00:00:00'),
(1227, '3151', '2027-07-25 00:00:00', '2027-07-25 00:00:00'),
(1228, '3164', '2027-07-26 00:00:00', '2027-07-26 00:00:00'),
(1229, '3165', '2027-07-27 00:00:00', '2027-07-27 00:00:00'),
(1230, '3162', '2027-07-28 00:00:00', '2027-07-28 00:00:00'),
(1231, '3161', '2027-07-29 00:00:00', '2027-07-29 00:00:00'),
(1232, '3160', '2027-07-30 00:00:00', '2027-07-30 00:00:00'),
(1233, '3163', '2027-07-31 00:00:00', '2027-07-31 00:00:00'),
(1234, '3156', '2027-08-01 00:00:00', '2027-08-01 00:00:00'),
(1235, '3191', '2027-08-02 00:00:00', '2027-08-02 00:00:00'),
(1236, '3190', '2027-08-03 00:00:00', '2027-08-03 00:00:00'),
(1237, '3181', '2027-08-04 00:00:00', '2027-08-04 00:00:00'),
(1238, '3183', '2027-08-05 00:00:00', '2027-08-05 00:00:00'),
(1239, '3180', '2027-08-06 00:00:00', '2027-08-06 00:00:00'),
(1240, '3182', '2027-08-07 00:00:00', '2027-08-07 00:00:00'),
(1241, '3140', '2027-08-08 00:00:00', '2027-08-08 00:00:00'),
(1242, '3106', '2027-08-09 00:00:00', '2027-08-09 00:00:00'),
(1243, '3107', '2027-08-10 00:00:00', '2027-08-10 00:00:00'),
(1244, '3104', '2027-08-11 00:00:00', '2027-08-11 00:00:00'),
(1245, '3111', '2027-08-12 00:00:00', '2027-08-12 00:00:00'),
(1246, '3112', '2027-08-13 00:00:00', '2027-08-13 00:00:00'),
(1247, '3103', '2027-08-14 00:00:00', '2027-08-14 00:00:00'),
(1248, '3113', '2027-08-15 00:00:00', '2027-08-15 00:00:00'),
(1249, '3108', '2027-08-16 00:00:00', '2027-08-16 00:00:00'),
(1250, '3109', '2027-08-17 00:00:00', '2027-08-17 00:00:00'),
(1251, '3114', '2027-08-18 00:00:00', '2027-08-18 00:00:00'),
(1252, '3105', '2027-08-19 00:00:00', '2027-08-19 00:00:00'),
(1253, '3100', '2027-08-20 00:00:00', '2027-08-20 00:00:00'),
(1254, '3102', '2027-08-21 00:00:00', '2027-08-21 00:00:00'),
(1255, '3101', '2027-08-22 00:00:00', '2027-08-22 00:00:00'),
(1256, '5270', '2027-08-23 00:00:00', '2027-08-23 00:00:00'),
(1257, '5210', '2027-08-24 00:00:00', '2027-08-24 00:00:00'),
(1258, '5266', '2027-08-25 00:00:00', '2027-08-25 00:00:00'),
(1259, '5220', '2027-08-26 00:00:00', '2027-08-26 00:00:00'),
(1260, '5240', '2027-08-27 00:00:00', '2027-08-27 00:00:00'),
(1261, '5241', '2027-08-28 00:00:00', '2027-08-28 00:00:00'),
(1262, '5201', '2027-08-29 00:00:00', '2027-08-29 00:00:00'),
(1263, '5200', '2027-08-30 00:00:00', '2027-08-30 00:00:00'),
(1264, '5230', '2027-08-31 00:00:00', '2027-08-31 00:00:00'),
(1265, '5231', '2027-09-01 00:00:00', '2027-09-01 00:00:00'),
(1266, '5226', '2027-09-02 00:00:00', '2027-09-02 00:00:00'),
(1267, '5281', '2027-09-03 00:00:00', '2027-09-03 00:00:00'),
(1268, '5282', '2027-09-04 00:00:00', '2027-09-04 00:00:00'),
(1269, '5280', '2027-09-05 00:00:00', '2027-09-05 00:00:00'),
(1270, '5291', '2027-09-06 00:00:00', '2027-09-06 00:00:00'),
(1271, '5290', '2027-09-07 00:00:00', '2027-09-07 00:00:00'),
(1272, '5250', '2027-09-08 00:00:00', '2027-09-08 00:00:00'),
(1273, '5260', '2027-09-09 00:00:00', '2027-09-09 00:00:00'),
(1274, '5216', '2027-09-10 00:00:00', '2027-09-10 00:00:00'),
(1275, '5750', '2027-09-11 00:00:00', '2027-09-11 00:00:00'),
(1276, '5751', '2027-09-12 00:00:00', '2027-09-12 00:00:00'),
(1277, '5700', '2027-09-13 00:00:00', '2027-09-13 00:00:00'),
(1278, '5740', '2027-09-14 00:00:00', '2027-09-14 00:00:00'),
(1279, '5741', '2027-09-15 00:00:00', '2027-09-15 00:00:00'),
(1280, '5730', '2027-09-16 00:00:00', '2027-09-16 00:00:00'),
(1281, '5761', '2027-09-17 00:00:00', '2027-09-17 00:00:00'),
(1282, '5760', '2027-09-18 00:00:00', '2027-09-18 00:00:00'),
(1283, '5711', '2027-09-19 00:00:00', '2027-09-19 00:00:00'),
(1284, '5710', '2027-09-20 00:00:00', '2027-09-20 00:00:00'),
(1285, '5721', '2027-09-21 00:00:00', '2027-09-21 00:00:00'),
(1286, '5720', '2027-09-22 00:00:00', '2027-09-22 00:00:00'),
(1287, '5670', '2027-09-23 00:00:00', '2027-09-23 00:00:00'),
(1288, '5630', '2027-09-24 00:00:00', '2027-09-24 00:00:00'),
(1289, '5631', '2027-09-25 00:00:00', '2027-09-25 00:00:00'),
(1290, '5600', '2027-09-26 00:00:00', '2027-09-26 00:00:00'),
(1291, '5601', '2027-09-27 00:00:00', '2027-09-27 00:00:00'),
(1292, '5680', '2027-09-28 00:00:00', '2027-09-28 00:00:00'),
(1293, '5660', '2027-09-29 00:00:00', '2027-09-29 00:00:00'),
(1294, '5611', '2027-09-30 00:00:00', '2027-09-30 00:00:00'),
(1295, '5610', '2027-10-01 00:00:00', '2027-10-01 00:00:00'),
(1296, '5650', '2027-10-02 00:00:00', '2027-10-02 00:00:00'),
(1297, '5640', '2027-10-03 00:00:00', '2027-10-03 00:00:00'),
(1298, '5621', '2027-10-04 00:00:00', '2027-10-04 00:00:00'),
(1299, '5620', '2027-10-05 00:00:00', '2027-10-05 00:00:00'),
(1300, '5510', '2027-10-06 00:00:00', '2027-10-06 00:00:00'),
(1301, '5530', '2027-10-07 00:00:00', '2027-10-07 00:00:00'),
(1302, '5502', '2027-10-08 00:00:00', '2027-10-08 00:00:00'),
(1303, '5500', '2027-10-09 00:00:00', '2027-10-09 00:00:00'),
(1304, '5501', '2027-10-10 00:00:00', '2027-10-10 00:00:00'),
(1305, '5541', '2027-10-11 00:00:00', '2027-10-11 00:00:00'),
(1306, '5542', '2027-10-12 00:00:00', '2027-10-12 00:00:00'),
(1307, '5540', '2027-10-13 00:00:00', '2027-10-13 00:00:00'),
(1308, '5520', '2027-10-14 00:00:00', '2027-10-14 00:00:00'),
(1309, '5350', '2027-10-15 00:00:00', '2027-10-15 00:00:00'),
(1310, '5351', '2027-10-16 00:00:00', '2027-10-16 00:00:00'),
(1311, '5341', '2027-10-17 00:00:00', '2027-10-17 00:00:00'),
(1312, '5340', '2027-10-18 00:00:00', '2027-10-18 00:00:00'),
(1313, '5330', '2027-10-19 00:00:00', '2027-10-19 00:00:00'),
(1314, '5320', '2027-10-20 00:00:00', '2027-10-20 00:00:00'),
(1315, '5300', '2027-10-21 00:00:00', '2027-10-21 00:00:00'),
(1316, '5301', '2027-10-22 00:00:00', '2027-10-22 00:00:00'),
(1317, '5310', '2027-10-23 00:00:00', '2027-10-23 00:00:00'),
(1318, '5311', '2027-10-24 00:00:00', '2027-10-24 00:00:00'),
(1319, '5010', '2027-10-25 00:00:00', '2027-10-25 00:00:00'),
(1320, '5040', '2027-10-26 00:00:00', '2027-10-26 00:00:00'),
(1321, '5041', '2027-10-27 00:00:00', '2027-10-27 00:00:00'),
(1322, '5020', '2027-10-28 00:00:00', '2027-10-28 00:00:00'),
(1323, '5000', '2027-10-29 00:00:00', '2027-10-29 00:00:00'),
(1324, '5030', '2027-10-30 00:00:00', '2027-10-30 00:00:00'),
(1325, '5430', '2027-10-31 00:00:00', '2027-10-31 00:00:00'),
(1326, '5431', '2027-11-01 00:00:00', '2027-11-01 00:00:00'),
(1327, '5410', '2027-11-02 00:00:00', '2027-11-02 00:00:00'),
(1328, '5441', '2027-11-03 00:00:00', '2027-11-03 00:00:00'),
(1329, '5440', '2027-11-04 00:00:00', '2027-11-04 00:00:00'),
(1330, '5460', '2027-11-05 00:00:00', '2027-11-05 00:00:00'),
(1331, '5450', '2027-11-06 00:00:00', '2027-11-06 00:00:00'),
(1332, '5402', '2027-11-07 00:00:00', '2027-11-07 00:00:00'),
(1333, '5403', '2027-11-08 00:00:00', '2027-11-08 00:00:00'),
(1334, '5404', '2027-11-09 00:00:00', '2027-11-09 00:00:00'),
(1335, '5405', '2027-11-10 00:00:00', '2027-11-10 00:00:00'),
(1336, '5400', '2027-11-11 00:00:00', '2027-11-11 00:00:00'),
(1337, '5401', '2027-11-12 00:00:00', '2027-11-12 00:00:00'),
(1338, '5420', '2027-11-13 00:00:00', '2027-11-13 00:00:00'),
(1339, '5140', '2027-11-14 00:00:00', '2027-11-14 00:00:00'),
(1340, '5141', '2027-11-15 00:00:00', '2027-11-15 00:00:00'),
(1341, '5130', '2027-11-16 00:00:00', '2027-11-16 00:00:00'),
(1342, '5110', '2027-11-17 00:00:00', '2027-11-17 00:00:00'),
(1343, '5470', '2027-11-18 00:00:00', '2027-11-18 00:00:00'),
(1344, '5121', '2027-11-19 00:00:00', '2027-11-19 00:00:00'),
(1345, '5120', '2027-11-20 00:00:00', '2027-11-20 00:00:00'),
(1346, '5103', '2027-11-21 00:00:00', '2027-11-21 00:00:00'),
(1347, '5102', '2027-11-22 00:00:00', '2027-11-22 00:00:00'),
(1348, '5101', '2027-11-23 00:00:00', '2027-11-23 00:00:00'),
(1349, '5100', '2027-11-24 00:00:00', '2027-11-24 00:00:00');

-- --------------------------------------------------------

--
-- Table structure for table `countries`
--

CREATE TABLE `countries` (
  `id` int(11) NOT NULL,
  `country_code` varchar(2) NOT NULL DEFAULT '',
  `country_name` varchar(100) NOT NULL DEFAULT '',
  `status` tinyint(4) NOT NULL DEFAULT 1,
  `created_at` datetime NOT NULL,
  `updated_at` timestamp NOT NULL DEFAULT current_timestamp() ON UPDATE current_timestamp()
) ENGINE=MyISAM DEFAULT CHARSET=utf8 COLLATE=utf8_general_ci;

--
-- Dumping data for table `countries`
--

INSERT INTO `countries` (`id`, `country_code`, `country_name`, `status`, `created_at`, `updated_at`) VALUES
(1, 'AF', 'Afghanistan', 1, '0000-00-00 00:00:00', '2023-06-11 10:19:15'),
(2, 'AL', 'Albania', 1, '0000-00-00 00:00:00', '2023-06-11 10:19:15'),
(3, 'DZ', 'Algeria', 1, '0000-00-00 00:00:00', '2023-06-11 10:19:15'),
(4, 'AS', 'American Samoa', 1, '0000-00-00 00:00:00', '2023-06-11 10:19:15'),
(5, 'AD', 'Andorra', 1, '0000-00-00 00:00:00', '2023-06-11 10:19:15'),
(6, 'AO', 'Angola', 1, '0000-00-00 00:00:00', '2023-06-11 10:19:15'),
(7, 'AI', 'Anguilla', 1, '0000-00-00 00:00:00', '2023-06-11 10:19:15'),
(8, 'AQ', 'Antarctica', 1, '0000-00-00 00:00:00', '2023-06-11 10:19:15'),
(9, 'AG', 'Antigua and Barbuda', 1, '0000-00-00 00:00:00', '2023-06-11 10:19:15'),
(10, 'AR', 'Argentina', 1, '0000-00-00 00:00:00', '2023-06-11 10:19:15'),
(11, 'AM', 'Armenia', 1, '0000-00-00 00:00:00', '2023-06-11 10:19:15'),
(12, 'AW', 'Aruba', 1, '0000-00-00 00:00:00', '2023-06-11 10:19:15'),
(13, 'AU', 'Australia', 1, '0000-00-00 00:00:00', '2023-06-11 10:19:15'),
(14, 'AT', 'Austria', 1, '0000-00-00 00:00:00', '2023-06-11 10:19:15'),
(15, 'AZ', 'Azerbaijan', 1, '0000-00-00 00:00:00', '2023-06-11 10:19:15'),
(16, 'BS', 'Bahamas', 1, '0000-00-00 00:00:00', '2023-06-11 10:19:15'),
(17, 'BH', 'Bahrain', 1, '0000-00-00 00:00:00', '2023-06-11 10:19:15'),
(18, 'BD', 'Bangladesh', 1, '0000-00-00 00:00:00', '2023-06-11 10:19:15'),
(19, 'BB', 'Barbados', 1, '0000-00-00 00:00:00', '2023-06-11 10:19:15'),
(20, 'BY', 'Belarus', 1, '0000-00-00 00:00:00', '2023-06-11 10:19:15'),
(21, 'BE', 'Belgium', 1, '0000-00-00 00:00:00', '2023-06-11 10:19:15'),
(22, 'BZ', 'Belize', 1, '0000-00-00 00:00:00', '2023-06-11 10:19:15'),
(23, 'BJ', 'Benin', 1, '0000-00-00 00:00:00', '2023-06-11 10:19:15'),
(24, 'BM', 'Bermuda', 1, '0000-00-00 00:00:00', '2023-06-11 10:19:15'),
(25, 'BT', 'Bhutan', 1, '0000-00-00 00:00:00', '2023-06-11 10:19:15'),
(26, 'BO', 'Bolivia', 1, '0000-00-00 00:00:00', '2023-06-11 10:19:15'),
(27, 'BA', 'Bosnia and Herzegovina', 1, '0000-00-00 00:00:00', '2023-06-11 10:19:15'),
(28, 'BW', 'Botswana', 1, '0000-00-00 00:00:00', '2023-06-11 10:19:15'),
(29, 'BV', 'Bouvet Island', 1, '0000-00-00 00:00:00', '2023-06-11 10:19:15'),
(30, 'BR', 'Brazil', 1, '0000-00-00 00:00:00', '2023-06-11 10:19:15'),
(31, 'IO', 'British Indian Ocean Territory', 1, '0000-00-00 00:00:00', '2023-06-11 10:19:15'),
(32, 'BN', 'Brunei Darussalam', 1, '0000-00-00 00:00:00', '2023-06-11 10:19:15'),
(33, 'BG', 'Bulgaria', 1, '0000-00-00 00:00:00', '2023-06-11 10:19:15'),
(34, 'BF', 'Burkina Faso', 1, '0000-00-00 00:00:00', '2023-06-11 10:19:15'),
(35, 'BI', 'Burundi', 1, '0000-00-00 00:00:00', '2023-06-11 10:19:15'),
(36, 'KH', 'Cambodia', 1, '0000-00-00 00:00:00', '2023-06-11 10:19:15'),
(37, 'CM', 'Cameroon', 1, '0000-00-00 00:00:00', '2023-06-11 10:19:15'),
(38, 'CA', 'Canada', 1, '0000-00-00 00:00:00', '2023-06-11 10:19:15'),
(39, 'CV', 'Cape Verde', 1, '0000-00-00 00:00:00', '2023-06-11 10:19:15'),
(40, 'KY', 'Cayman Islands', 1, '0000-00-00 00:00:00', '2023-06-11 10:19:15'),
(41, 'CF', 'Central African Republic', 1, '0000-00-00 00:00:00', '2023-06-11 10:19:15'),
(42, 'TD', 'Chad', 1, '0000-00-00 00:00:00', '2023-06-11 10:19:15'),
(43, 'CL', 'Chile', 1, '0000-00-00 00:00:00', '2023-06-11 10:19:15'),
(44, 'CN', 'China', 1, '0000-00-00 00:00:00', '2023-06-11 10:19:15'),
(45, 'CX', 'Christmas Island', 1, '0000-00-00 00:00:00', '2023-06-11 10:19:15'),
(46, 'CC', 'Cocos (Keeling) Islands', 1, '0000-00-00 00:00:00', '2023-06-11 10:19:15'),
(47, 'CO', 'Colombia', 1, '0000-00-00 00:00:00', '2023-06-11 10:19:15'),
(48, 'KM', 'Comoros', 1, '0000-00-00 00:00:00', '2023-06-11 10:19:15'),
(49, 'CD', 'Democratic Republic of the Congo', 1, '0000-00-00 00:00:00', '2023-06-11 10:19:15'),
(50, 'CG', 'Republic of Congo', 1, '0000-00-00 00:00:00', '2023-06-11 10:19:15'),
(51, 'CK', 'Cook Islands', 1, '0000-00-00 00:00:00', '2023-06-11 10:19:15'),
(52, 'CR', 'Costa Rica', 1, '0000-00-00 00:00:00', '2023-06-11 10:19:15'),
(53, 'HR', 'Croatia (Hrvatska)', 1, '0000-00-00 00:00:00', '2023-06-11 10:19:15'),
(54, 'CU', 'Cuba', 1, '0000-00-00 00:00:00', '2023-06-11 10:19:15'),
(55, 'CY', 'Cyprus', 1, '0000-00-00 00:00:00', '2023-06-11 10:19:15'),
(56, 'CZ', 'Czech Republic', 1, '0000-00-00 00:00:00', '2023-06-11 10:19:15'),
(57, 'DK', 'Denmark', 1, '0000-00-00 00:00:00', '2023-06-11 10:19:15'),
(58, 'DJ', 'Djibouti', 1, '0000-00-00 00:00:00', '2023-06-11 10:19:15'),
(59, 'DM', 'Dominica', 1, '0000-00-00 00:00:00', '2023-06-11 10:19:15'),
(60, 'DO', 'Dominican Republic', 1, '0000-00-00 00:00:00', '2023-06-11 10:19:15'),
(61, 'TL', 'East Timor', 1, '0000-00-00 00:00:00', '2023-06-11 10:19:15'),
(62, 'EC', 'Ecuador', 1, '0000-00-00 00:00:00', '2023-06-11 10:19:15'),
(63, 'EG', 'Egypt', 1, '0000-00-00 00:00:00', '2023-06-11 10:19:15'),
(64, 'SV', 'El Salvador', 1, '0000-00-00 00:00:00', '2023-06-11 10:19:15'),
(65, 'GQ', 'Equatorial Guinea', 1, '0000-00-00 00:00:00', '2023-06-11 10:19:15'),
(66, 'ER', 'Eritrea', 1, '0000-00-00 00:00:00', '2023-06-11 10:19:15'),
(67, 'EE', 'Estonia', 1, '0000-00-00 00:00:00', '2023-06-11 10:19:15'),
(68, 'ET', 'Ethiopia', 1, '0000-00-00 00:00:00', '2023-06-11 10:19:15'),
(69, 'FK', 'Falkland Islands (Malvinas)', 1, '0000-00-00 00:00:00', '2023-06-11 10:19:15'),
(70, 'FO', 'Faroe Islands', 1, '0000-00-00 00:00:00', '2023-06-11 10:19:15'),
(71, 'FJ', 'Fiji', 1, '0000-00-00 00:00:00', '2023-06-11 10:19:15'),
(72, 'FI', 'Finland', 1, '0000-00-00 00:00:00', '2023-06-11 10:19:15'),
(73, 'FR', 'France', 1, '0000-00-00 00:00:00', '2023-06-11 10:19:15'),
(74, 'FX', 'France, Metropolitan', 1, '0000-00-00 00:00:00', '2023-06-11 10:19:15'),
(75, 'GF', 'French Guiana', 1, '0000-00-00 00:00:00', '2023-06-11 10:19:15'),
(76, 'PF', 'French Polynesia', 1, '0000-00-00 00:00:00', '2023-06-11 10:19:15'),
(77, 'TF', 'French Southern Territories', 1, '0000-00-00 00:00:00', '2023-06-11 10:19:15'),
(78, 'GA', 'Gabon', 1, '0000-00-00 00:00:00', '2023-06-11 10:19:15'),
(79, 'GM', 'Gambia', 1, '0000-00-00 00:00:00', '2023-06-11 10:19:15'),
(80, 'GE', 'Georgia', 1, '0000-00-00 00:00:00', '2023-06-11 10:19:15'),
(81, 'DE', 'Germany', 1, '0000-00-00 00:00:00', '2023-06-11 10:19:15'),
(82, 'GH', 'Ghana', 1, '0000-00-00 00:00:00', '2023-06-11 10:19:15'),
(83, 'GI', 'Gibraltar', 1, '0000-00-00 00:00:00', '2023-06-11 10:19:15'),
(84, 'GG', 'Guernsey', 1, '0000-00-00 00:00:00', '2023-06-11 10:19:15'),
(85, 'GR', 'Greece', 1, '0000-00-00 00:00:00', '2023-06-11 10:19:15'),
(86, 'GL', 'Greenland', 1, '0000-00-00 00:00:00', '2023-06-11 10:19:15'),
(87, 'GD', 'Grenada', 1, '0000-00-00 00:00:00', '2023-06-11 10:19:15'),
(88, 'GP', 'Guadeloupe', 1, '0000-00-00 00:00:00', '2023-06-11 10:19:15'),
(89, 'GU', 'Guam', 1, '0000-00-00 00:00:00', '2023-06-11 10:19:15'),
(90, 'GT', 'Guatemala', 1, '0000-00-00 00:00:00', '2023-06-11 10:19:15'),
(91, 'GN', 'Guinea', 1, '0000-00-00 00:00:00', '2023-06-11 10:19:15'),
(92, 'GW', 'Guinea-Bissau', 1, '0000-00-00 00:00:00', '2023-06-11 10:19:15'),
(93, 'GY', 'Guyana', 1, '0000-00-00 00:00:00', '2023-06-11 10:19:15'),
(94, 'HT', 'Haiti', 1, '0000-00-00 00:00:00', '2023-06-11 10:19:15'),
(95, 'HM', 'Heard and Mc Donald Islands', 1, '0000-00-00 00:00:00', '2023-06-11 10:19:15'),
(96, 'HN', 'Honduras', 1, '0000-00-00 00:00:00', '2023-06-11 10:19:15'),
(97, 'HK', 'Hong Kong', 1, '0000-00-00 00:00:00', '2023-06-11 10:19:15'),
(98, 'HU', 'Hungary', 1, '0000-00-00 00:00:00', '2023-06-11 10:19:15'),
(99, 'IS', 'Iceland', 1, '0000-00-00 00:00:00', '2023-06-11 10:19:15'),
(100, 'IN', 'India', 1, '0000-00-00 00:00:00', '2023-06-11 10:19:15'),
(101, 'IM', 'Isle of Man', 1, '0000-00-00 00:00:00', '2023-06-11 10:19:15'),
(102, 'ID', 'Indonesia', 1, '0000-00-00 00:00:00', '2023-06-11 10:19:15'),
(103, 'IR', 'Iran (Islamic Republic of)', 1, '0000-00-00 00:00:00', '2023-06-11 10:19:15'),
(104, 'IQ', 'Iraq', 1, '0000-00-00 00:00:00', '2023-06-11 10:19:15'),
(105, 'IE', 'Ireland', 1, '0000-00-00 00:00:00', '2023-06-11 10:19:15'),
(106, 'IL', 'Israel', 1, '0000-00-00 00:00:00', '2023-06-11 10:19:15'),
(107, 'IT', 'Italy', 1, '0000-00-00 00:00:00', '2023-06-11 10:19:15'),
(108, 'CI', 'Ivory Coast', 1, '0000-00-00 00:00:00', '2023-06-11 10:19:15'),
(109, 'JE', 'Jersey', 1, '0000-00-00 00:00:00', '2023-06-11 10:19:15'),
(110, 'JM', 'Jamaica', 1, '0000-00-00 00:00:00', '2023-06-11 10:19:15'),
(111, 'JP', 'Japan', 1, '0000-00-00 00:00:00', '2023-06-11 10:19:15'),
(112, 'JO', 'Jordan', 1, '0000-00-00 00:00:00', '2023-06-11 10:19:15'),
(113, 'KZ', 'Kazakhstan', 1, '0000-00-00 00:00:00', '2023-06-11 10:19:15'),
(114, 'KE', 'Kenya', 1, '0000-00-00 00:00:00', '2023-06-11 10:19:15'),
(115, 'KI', 'Kiribati', 1, '0000-00-00 00:00:00', '2023-06-11 10:19:15'),
(116, 'KP', 'Korea, Democratic People\'s Republic of', 1, '0000-00-00 00:00:00', '2023-06-11 10:19:15'),
(117, 'KR', 'Korea, Republic of', 1, '0000-00-00 00:00:00', '2023-06-11 10:19:15'),
(118, 'XK', 'Kosovo', 1, '0000-00-00 00:00:00', '2023-06-11 10:19:15'),
(119, 'KW', 'Kuwait', 1, '0000-00-00 00:00:00', '2023-06-11 10:19:15'),
(120, 'KG', 'Kyrgyzstan', 1, '0000-00-00 00:00:00', '2023-06-11 10:19:15'),
(121, 'LA', 'Lao People\'s Democratic Republic', 1, '0000-00-00 00:00:00', '2023-06-11 10:19:15'),
(122, 'LV', 'Latvia', 1, '0000-00-00 00:00:00', '2023-06-11 10:19:15'),
(123, 'LB', 'Lebanon', 1, '0000-00-00 00:00:00', '2023-06-11 10:19:15'),
(124, 'LS', 'Lesotho', 1, '0000-00-00 00:00:00', '2023-06-11 10:19:15'),
(125, 'LR', 'Liberia', 1, '0000-00-00 00:00:00', '2023-06-11 10:19:15'),
(126, 'LY', 'Libyan Arab Jamahiriya', 1, '0000-00-00 00:00:00', '2023-06-11 10:19:15'),
(127, 'LI', 'Liechtenstein', 1, '0000-00-00 00:00:00', '2023-06-11 10:19:15'),
(128, 'LT', 'Lithuania', 1, '0000-00-00 00:00:00', '2023-06-11 10:19:15'),
(129, 'LU', 'Luxembourg', 1, '0000-00-00 00:00:00', '2023-06-11 10:19:15'),
(130, 'MO', 'Macau', 1, '0000-00-00 00:00:00', '2023-06-11 10:19:15'),
(131, 'MK', 'North Macedonia', 1, '0000-00-00 00:00:00', '2023-06-11 10:19:15'),
(132, 'MG', 'Madagascar', 1, '0000-00-00 00:00:00', '2023-06-11 10:19:15'),
(133, 'MW', 'Malawi', 1, '0000-00-00 00:00:00', '2023-06-11 10:19:15'),
(134, 'MY', 'Malaysia', 1, '0000-00-00 00:00:00', '2023-06-11 10:19:15'),
(135, 'MV', 'Maldives', 1, '0000-00-00 00:00:00', '2023-06-11 10:19:15'),
(136, 'ML', 'Mali', 1, '0000-00-00 00:00:00', '2023-06-11 10:19:15'),
(137, 'MT', 'Malta', 1, '0000-00-00 00:00:00', '2023-06-11 10:19:15'),
(138, 'MH', 'Marshall Islands', 1, '0000-00-00 00:00:00', '2023-06-11 10:19:15'),
(139, 'MQ', 'Martinique', 1, '0000-00-00 00:00:00', '2023-06-11 10:19:15'),
(140, 'MR', 'Mauritania', 1, '0000-00-00 00:00:00', '2023-06-11 10:19:15'),
(141, 'MU', 'Mauritius', 1, '0000-00-00 00:00:00', '2023-06-11 10:19:15'),
(142, 'YT', 'Mayotte', 1, '0000-00-00 00:00:00', '2023-06-11 10:19:15'),
(143, 'MX', 'Mexico', 1, '0000-00-00 00:00:00', '2023-06-11 10:19:15'),
(144, 'FM', 'Micronesia, Federated States of', 1, '0000-00-00 00:00:00', '2023-06-11 10:19:15'),
(145, 'MD', 'Moldova, Republic of', 1, '0000-00-00 00:00:00', '2023-06-11 10:19:15'),
(146, 'MC', 'Monaco', 1, '0000-00-00 00:00:00', '2023-06-11 10:19:15'),
(147, 'MN', 'Mongolia', 1, '0000-00-00 00:00:00', '2023-06-11 10:19:15'),
(148, 'ME', 'Montenegro', 1, '0000-00-00 00:00:00', '2023-06-11 10:19:15'),
(149, 'MS', 'Montserrat', 1, '0000-00-00 00:00:00', '2023-06-11 10:19:15'),
(150, 'MA', 'Morocco', 1, '0000-00-00 00:00:00', '2023-06-11 10:19:15'),
(151, 'MZ', 'Mozambique', 1, '0000-00-00 00:00:00', '2023-06-11 10:19:15'),
(152, 'MM', 'Myanmar', 1, '0000-00-00 00:00:00', '2023-06-11 10:19:15'),
(153, 'NA', 'Namibia', 1, '0000-00-00 00:00:00', '2023-06-11 10:19:15'),
(154, 'NR', 'Nauru', 1, '0000-00-00 00:00:00', '2023-06-11 10:19:15'),
(155, 'NP', 'Nepal', 1, '0000-00-00 00:00:00', '2023-06-11 10:19:15'),
(156, 'NL', 'Netherlands', 1, '0000-00-00 00:00:00', '2023-06-11 10:19:15'),
(157, 'AN', 'Netherlands Antilles', 1, '0000-00-00 00:00:00', '2023-06-11 10:19:15'),
(158, 'NC', 'New Caledonia', 1, '0000-00-00 00:00:00', '2023-06-11 10:19:15'),
(159, 'NZ', 'New Zealand', 1, '0000-00-00 00:00:00', '2023-06-11 10:19:15'),
(160, 'NI', 'Nicaragua', 1, '0000-00-00 00:00:00', '2023-06-11 10:19:15'),
(161, 'NE', 'Niger', 1, '0000-00-00 00:00:00', '2023-06-11 10:19:15'),
(162, 'NG', 'Nigeria', 1, '0000-00-00 00:00:00', '2023-06-11 10:19:15'),
(163, 'NU', 'Niue', 1, '0000-00-00 00:00:00', '2023-06-11 10:19:15'),
(164, 'NF', 'Norfolk Island', 1, '0000-00-00 00:00:00', '2023-06-11 10:19:15'),
(165, 'MP', 'Northern Mariana Islands', 1, '0000-00-00 00:00:00', '2023-06-11 10:19:15'),
(166, 'NO', 'Norway', 1, '0000-00-00 00:00:00', '2023-06-11 10:19:15'),
(167, 'OM', 'Oman', 1, '0000-00-00 00:00:00', '2023-06-11 10:19:15'),
(168, 'PK', 'Pakistan', 1, '0000-00-00 00:00:00', '2023-06-11 10:19:15'),
(169, 'PW', 'Palau', 1, '0000-00-00 00:00:00', '2023-06-11 10:19:15'),
(170, 'PS', 'Palestine', 1, '0000-00-00 00:00:00', '2023-06-11 10:19:15'),
(171, 'PA', 'Panama', 1, '0000-00-00 00:00:00', '2023-06-11 10:19:15'),
(172, 'PG', 'Papua New Guinea', 1, '0000-00-00 00:00:00', '2023-06-11 10:19:15'),
(173, 'PY', 'Paraguay', 1, '0000-00-00 00:00:00', '2023-06-11 10:19:15'),
(174, 'PE', 'Peru', 1, '0000-00-00 00:00:00', '2023-06-11 10:19:15'),
(175, 'PH', 'Philippines', 1, '0000-00-00 00:00:00', '2023-06-11 10:19:15'),
(176, 'PN', 'Pitcairn', 1, '0000-00-00 00:00:00', '2023-06-11 10:19:15'),
(177, 'PL', 'Poland', 1, '0000-00-00 00:00:00', '2023-06-11 10:19:15'),
(178, 'PT', 'Portugal', 1, '0000-00-00 00:00:00', '2023-06-11 10:19:15'),
(179, 'PR', 'Puerto Rico', 1, '0000-00-00 00:00:00', '2023-06-11 10:19:15'),
(180, 'QA', 'Qatar', 1, '0000-00-00 00:00:00', '2023-06-11 10:19:15'),
(181, 'RE', 'Reunion', 1, '0000-00-00 00:00:00', '2023-06-11 10:19:15'),
(182, 'RO', 'Romania', 1, '0000-00-00 00:00:00', '2023-06-11 10:19:15'),
(183, 'RU', 'Russian Federation', 1, '0000-00-00 00:00:00', '2023-06-11 10:19:15'),
(184, 'RW', 'Rwanda', 1, '0000-00-00 00:00:00', '2023-06-11 10:19:15'),
(185, 'KN', 'Saint Kitts and Nevis', 1, '0000-00-00 00:00:00', '2023-06-11 10:19:15'),
(186, 'LC', 'Saint Lucia', 1, '0000-00-00 00:00:00', '2023-06-11 10:19:15'),
(187, 'VC', 'Saint Vincent and the Grenadines', 1, '0000-00-00 00:00:00', '2023-06-11 10:19:15'),
(188, 'WS', 'Samoa', 1, '0000-00-00 00:00:00', '2023-06-11 10:19:15'),
(189, 'SM', 'San Marino', 1, '0000-00-00 00:00:00', '2023-06-11 10:19:15'),
(190, 'ST', 'Sao Tome and Principe', 1, '0000-00-00 00:00:00', '2023-06-11 10:19:15'),
(191, 'SA', 'Saudi Arabia', 1, '0000-00-00 00:00:00', '2023-06-11 10:19:15'),
(192, 'SN', 'Senegal', 1, '0000-00-00 00:00:00', '2023-06-11 10:19:15'),
(193, 'RS', 'Serbia', 1, '0000-00-00 00:00:00', '2023-06-11 10:19:15'),
(194, 'SC', 'Seychelles', 1, '0000-00-00 00:00:00', '2023-06-11 10:19:15'),
(195, 'SL', 'Sierra Leone', 1, '0000-00-00 00:00:00', '2023-06-11 10:19:15'),
(196, 'SG', 'Singapore', 1, '0000-00-00 00:00:00', '2023-06-11 10:19:15'),
(197, 'SK', 'Slovakia', 1, '0000-00-00 00:00:00', '2023-06-11 10:19:15'),
(198, 'SI', 'Slovenia', 1, '0000-00-00 00:00:00', '2023-06-11 10:19:15'),
(199, 'SB', 'Solomon Islands', 1, '0000-00-00 00:00:00', '2023-06-11 10:19:15'),
(200, 'SO', 'Somalia', 1, '0000-00-00 00:00:00', '2023-06-11 10:19:15'),
(201, 'ZA', 'South Africa', 1, '0000-00-00 00:00:00', '2023-06-11 10:19:15'),
(202, 'GS', 'South Georgia South Sandwich Islands', 1, '0000-00-00 00:00:00', '2023-06-11 10:19:15'),
(203, 'SS', 'South Sudan', 1, '0000-00-00 00:00:00', '2023-06-11 10:19:15'),
(204, 'ES', 'Spain', 1, '0000-00-00 00:00:00', '2023-06-11 10:19:15'),
(205, 'LK', 'Sri Lanka', 1, '0000-00-00 00:00:00', '2023-06-11 10:19:15'),
(206, 'SH', 'St. Helena', 1, '0000-00-00 00:00:00', '2023-06-11 10:19:15'),
(207, 'PM', 'St. Pierre and Miquelon', 1, '0000-00-00 00:00:00', '2023-06-11 10:19:15'),
(208, 'SD', 'Sudan', 1, '0000-00-00 00:00:00', '2023-06-11 10:19:15'),
(209, 'SR', 'Suriname', 1, '0000-00-00 00:00:00', '2023-06-11 10:19:15'),
(210, 'SJ', 'Svalbard and Jan Mayen Islands', 1, '0000-00-00 00:00:00', '2023-06-11 10:19:15'),
(211, 'SZ', 'Eswatini', 1, '0000-00-00 00:00:00', '2023-06-11 10:19:15'),
(212, 'SE', 'Sweden', 1, '0000-00-00 00:00:00', '2023-06-11 10:19:15'),
(213, 'CH', 'Switzerland', 1, '0000-00-00 00:00:00', '2023-06-11 10:19:15'),
(214, 'SY', 'Syrian Arab Republic', 1, '0000-00-00 00:00:00', '2023-06-11 10:19:15'),
(215, 'TW', 'Taiwan', 1, '0000-00-00 00:00:00', '2023-06-11 10:19:15'),
(216, 'TJ', 'Tajikistan', 1, '0000-00-00 00:00:00', '2023-06-11 10:19:15'),
(217, 'TZ', 'Tanzania, United Republic of', 1, '0000-00-00 00:00:00', '2023-06-11 10:19:15'),
(218, 'TH', 'Thailand', 1, '0000-00-00 00:00:00', '2023-06-11 10:19:15'),
(219, 'TG', 'Togo', 1, '0000-00-00 00:00:00', '2023-06-11 10:19:15'),
(220, 'TK', 'Tokelau', 1, '0000-00-00 00:00:00', '2023-06-11 10:19:15'),
(221, 'TO', 'Tonga', 1, '0000-00-00 00:00:00', '2023-06-11 10:19:15'),
(222, 'TT', 'Trinidad and Tobago', 1, '0000-00-00 00:00:00', '2023-06-11 10:19:15'),
(223, 'TN', 'Tunisia', 1, '0000-00-00 00:00:00', '2023-06-11 10:19:15'),
(224, 'TR', 'Turkey', 1, '0000-00-00 00:00:00', '2023-06-11 10:19:15'),
(225, 'TM', 'Turkmenistan', 1, '0000-00-00 00:00:00', '2023-06-11 10:19:15'),
(226, 'TC', 'Turks and Caicos Islands', 1, '0000-00-00 00:00:00', '2023-06-11 10:19:15'),
(227, 'TV', 'Tuvalu', 1, '0000-00-00 00:00:00', '2023-06-11 10:19:15'),
(228, 'UG', 'Uganda', 1, '0000-00-00 00:00:00', '2023-06-11 10:19:15'),
(229, 'UA', 'Ukraine', 1, '0000-00-00 00:00:00', '2023-06-11 10:19:15'),
(230, 'AE', 'United Arab Emirates', 1, '0000-00-00 00:00:00', '2023-06-11 10:19:15'),
(231, 'GB', 'United Kingdom', 1, '0000-00-00 00:00:00', '2023-06-11 10:19:15'),
(232, 'US', 'United States', 1, '0000-00-00 00:00:00', '2023-06-11 10:19:15'),
(233, 'UM', 'United States minor outlying islands', 1, '0000-00-00 00:00:00', '2023-06-11 10:19:15'),
(234, 'UY', 'Uruguay', 1, '0000-00-00 00:00:00', '2023-06-11 10:19:15'),
(235, 'UZ', 'Uzbekistan', 1, '0000-00-00 00:00:00', '2023-06-11 10:19:15'),
(236, 'VU', 'Vanuatu', 1, '0000-00-00 00:00:00', '2023-06-11 10:19:15'),
(237, 'VA', 'Vatican City State', 1, '0000-00-00 00:00:00', '2023-06-11 10:19:15'),
(238, 'VE', 'Venezuela', 1, '0000-00-00 00:00:00', '2023-06-11 10:19:15'),
(239, 'VN', 'Vietnam', 1, '0000-00-00 00:00:00', '2023-06-11 10:19:15'),
(240, 'VG', 'Virgin Islands (British)', 1, '0000-00-00 00:00:00', '2023-06-11 10:19:15'),
(241, 'VI', 'Virgin Islands (U.S.)', 1, '0000-00-00 00:00:00', '2023-06-11 10:19:15'),
(242, 'WF', 'Wallis and Futuna Islands', 1, '0000-00-00 00:00:00', '2023-06-11 10:19:15'),
(243, 'EH', 'Western Sahara', 1, '0000-00-00 00:00:00', '2023-06-11 10:19:15'),
(244, 'YE', 'Yemen', 1, '0000-00-00 00:00:00', '2023-06-11 10:19:15'),
(245, 'ZM', 'Zambia', 1, '0000-00-00 00:00:00', '2023-06-11 10:19:15'),
(246, 'ZW', 'Zimbabwe', 1, '0000-00-00 00:00:00', '2023-06-11 10:19:15');

-- --------------------------------------------------------

--
-- Table structure for table `coupons`
--

CREATE TABLE `coupons` (
  `id` bigint(20) UNSIGNED NOT NULL,
  `vendor_id` int(11) NOT NULL,
  `coupon_option` varchar(255) NOT NULL,
  `coupon_code` varchar(255) NOT NULL,
  `categories` text NOT NULL,
  `brands` text DEFAULT NULL,
  `users` text NOT NULL,
  `coupon_type` varchar(255) NOT NULL,
  `amount_type` varchar(255) NOT NULL,
  `amount` double(8,2) NOT NULL,
  `expiry_date` date NOT NULL,
  `status` tinyint(4) NOT NULL,
  `created_at` timestamp NULL DEFAULT NULL,
  `updated_at` timestamp NULL DEFAULT NULL
) ENGINE=InnoDB DEFAULT CHARSET=utf8mb4 COLLATE=utf8mb4_unicode_ci;

--
-- Dumping data for table `coupons`
--

INSERT INTO `coupons` (`id`, `vendor_id`, `coupon_option`, `coupon_code`, `categories`, `brands`, `users`, `coupon_type`, `amount_type`, `amount`, `expiry_date`, `status`, `created_at`, `updated_at`) VALUES
(4, 0, 'Automatic', 'RLOt5sWo', '1,3,4,2', '2', 'ahmud236@gmail.com,ishrakul26@gmail.com', 'Single Time', 'Fixed', 200.00, '2024-06-24', 1, '2024-01-06 06:33:23', '2024-03-11 04:06:00'),
(5, 1, 'Automatic', 'ezMRutYW', '1,3,4', '2,3,4,5', '', 'Multiple Times', 'Fixed', 45.00, '2024-03-28', 1, '2024-01-07 01:57:14', '2024-03-18 12:56:04'),
(6, 0, 'Automatic', 'goz8CwQ8', '1,3,4', '2,3,4', '', 'Single Time', 'Fixed', 600.00, '2024-03-30', 1, '2024-03-11 03:50:56', '2024-03-11 03:50:56'),
(7, 0, 'Automatic', 'bLMvtzio', '1,3,4', '2,3,4', 'ahmud236@gmail.com,ishrakul26@gmail.com', 'Single Time', 'Percentage', 100.00, '2024-03-28', 1, '2024-03-11 04:15:23', '2024-03-11 04:15:23'),
(8, 0, 'Automatic', '399EM0Vj', '1,3,4,2', '2,3,4,5', 'ahmud236@gmail.com,ishrakul26@gmail.com', 'Single Time', 'Fixed', 100.00, '2024-03-28', 1, '2024-03-11 04:16:19', '2024-03-11 04:16:19'),
(9, 0, 'Automatic', 'TZYsGuR2', '1,3,4,2', '2,3,4,5', 'ahmud236@gmail.com,ishrakul26@gmail.com', 'Multiple Times', 'Fixed', 20.00, '2024-03-29', 1, '2024-03-13 05:20:44', '2024-03-13 05:20:44'),
(10, 0, 'Automatic', '2KpbgXOR', '1,3,4,2,5,6', '2,3', '', 'Single Time', 'Percentage', 20.00, '2024-07-22', 1, '2024-07-21 07:52:13', '2024-07-21 07:52:13');

-- --------------------------------------------------------

--
-- Table structure for table `delivery_addresses`
--

CREATE TABLE `delivery_addresses` (
  `id` bigint(20) UNSIGNED NOT NULL,
  `user_id` int(11) NOT NULL,
  `name` varchar(255) NOT NULL,
  `address` varchar(255) NOT NULL,
  `city` varchar(255) NOT NULL,
  `state` varchar(255) NOT NULL,
  `country` varchar(255) NOT NULL,
  `pincode` varchar(255) NOT NULL,
  `mobile` varchar(255) NOT NULL,
  `status` tinyint(4) NOT NULL DEFAULT 1,
  `created_at` timestamp NULL DEFAULT NULL,
  `updated_at` timestamp NULL DEFAULT NULL
) ENGINE=InnoDB DEFAULT CHARSET=utf8mb4 COLLATE=utf8mb4_unicode_ci;

--
-- Dumping data for table `delivery_addresses`
--

INSERT INTO `delivery_addresses` (`id`, `user_id`, `name`, `address`, `city`, `state`, `country`, `pincode`, `mobile`, `status`, `created_at`, `updated_at`) VALUES
(5, 1, 'Md. Ishrakul Islam Efaz', 'Road-10, Boroikhandi', 'Sylhet', 'Sylhet', 'Bangladesh', '310422', '01740309988', 1, '2024-01-14 04:44:03', '2024-03-16 03:44:38'),
(9, 3, 'Islam Efaz', 'Road-10, Boroikhandi', 'Sylhet', 'Sylhet', 'Bangladesh', '3100', '01740309988', 1, '2024-03-11 02:54:30', '2024-03-11 02:56:14'),
(10, 1, 'Md. Ishrakul Islam Efaz', 'Road-10, Boroikhandi', 'Sylhet', 'Sylhet Sadar', 'Afghanistan', '3100', '01740309988', 1, '2024-03-13 04:58:18', '2024-03-13 04:58:18');

-- --------------------------------------------------------

--
-- Table structure for table `failed_jobs`
--

CREATE TABLE `failed_jobs` (
  `id` bigint(20) UNSIGNED NOT NULL,
  `uuid` varchar(255) NOT NULL,
  `connection` text NOT NULL,
  `queue` text NOT NULL,
  `payload` longtext NOT NULL,
  `exception` longtext NOT NULL,
  `failed_at` timestamp NOT NULL DEFAULT current_timestamp()
) ENGINE=InnoDB DEFAULT CHARSET=utf8mb4 COLLATE=utf8mb4_unicode_ci;

-- --------------------------------------------------------

--
-- Table structure for table `migrations`
--

CREATE TABLE `migrations` (
  `id` int(10) UNSIGNED NOT NULL,
  `migration` varchar(255) NOT NULL,
  `batch` int(11) NOT NULL
) ENGINE=InnoDB DEFAULT CHARSET=utf8mb4 COLLATE=utf8mb4_unicode_ci;

--
-- Dumping data for table `migrations`
--

INSERT INTO `migrations` (`id`, `migration`, `batch`) VALUES
(1, '2014_10_12_000000_create_users_table', 1),
(2, '2014_10_12_100000_create_password_resets_table', 1),
(3, '2019_08_19_000000_create_failed_jobs_table', 1),
(4, '2019_12_14_000001_create_personal_access_tokens_table', 1),
(5, '2023_06_05_052847_create_vendors_table', 2),
(6, '2023_06_05_053328_create_admins_table', 3),
(7, '2023_06_07_115702_create_vendors_business_details_table', 4),
(8, '2023_06_07_120411_create_vendors_bank_details', 5),
(9, '2023_06_11_114000_create_sections_table', 6),
(10, '2023_06_12_072752_create_cms_pages_table', 7),
(11, '2023_06_14_061329_create_categories_table', 8),
(12, '2023_06_15_174322_create_brands_table', 9),
(13, '2023_06_18_063939_create_products_table', 10),
(14, '2023_06_20_081548_create_products_attributes_table', 11),
(15, '2023_06_24_080456_create_products_images_table', 12),
(16, '2023_06_27_091315_create_banners_table', 13),
(17, '2023_07_06_184915_update_banners_table', 14),
(18, '2023_07_13_072951_update_products_table', 15),
(19, '2023_07_22_072904_create_products_filters_table', 16),
(20, '2023_07_22_073424_create_products_filters_values_table', 17),
(21, '2023_10_17_181643_create_recently_viewed_products_table', 18),
(22, '2023_10_18_062522_create_carts_table', 19),
(23, '2024_01_03_100852_create_coupons_table', 20),
(24, '2024_01_08_072326_create_delivery_addresses_table', 21),
(25, '2024_01_15_060722_create_orders_table', 22),
(26, '2024_01_15_062143_create_orders_products_table', 23),
(27, '2024_02_14_090610_create_order_statuses_table', 24),
(28, '2024_02_17_080737_create_orders_logs_table', 25),
(29, '2024_02_17_092637_update_orders_table', 26),
(30, '2024_03_11_194709_create_payments_table', 27),
(31, '2024_03_12_190321_create_shipping_charges_table', 28),
(32, '2024_03_14_065237_drop_column_from_shipping_charges_table', 29),
(33, '2024_03_14_065606_add_columns_to_shipping_charges_table', 30),
(34, '2024_03_29_212115_create_newsletter_subscribers_table', 31),
(35, '2024_04_10_210454_create_ratings_table', 32),
(36, '2024_07_21_143733_create_cms_pages_table', 33);

-- --------------------------------------------------------

--
-- Table structure for table `newsletter_subscribers`
--

CREATE TABLE `newsletter_subscribers` (
  `id` bigint(20) UNSIGNED NOT NULL,
  `email` varchar(255) NOT NULL,
  `status` tinyint(4) NOT NULL,
  `created_at` timestamp NULL DEFAULT NULL,
  `updated_at` timestamp NULL DEFAULT NULL
) ENGINE=InnoDB DEFAULT CHARSET=utf8mb4 COLLATE=utf8mb4_unicode_ci;

--
-- Dumping data for table `newsletter_subscribers`
--

INSERT INTO `newsletter_subscribers` (`id`, `email`, `status`, `created_at`, `updated_at`) VALUES
(2, 'e@gmail.com', 1, NULL, NULL),
(3, 'ishrak@gmail.com', 1, '2024-04-10 05:03:01', '2024-04-10 05:03:01');

-- --------------------------------------------------------

--
-- Table structure for table `orders`
--

CREATE TABLE `orders` (
  `id` bigint(20) UNSIGNED NOT NULL,
  `user_id` int(11) NOT NULL,
  `name` varchar(255) NOT NULL,
  `address` varchar(255) NOT NULL,
  `city` varchar(255) NOT NULL,
  `state` varchar(255) NOT NULL,
  `country` varchar(255) NOT NULL,
  `pincode` varchar(255) NOT NULL,
  `mobile` varchar(255) NOT NULL,
  `email` varchar(255) NOT NULL,
  `shipping_charges` double(8,2) NOT NULL,
  `coupon_code` varchar(255) DEFAULT NULL,
  `coupon_amount` double(8,2) DEFAULT NULL,
  `order_status` varchar(255) NOT NULL,
  `payment_method` varchar(255) NOT NULL,
  `payment_gateway` varchar(255) NOT NULL,
  `grand_total` double(8,2) NOT NULL,
  `courier_name` varchar(255) DEFAULT NULL,
  `tracking_number` varchar(255) DEFAULT NULL,
  `created_at` timestamp NULL DEFAULT NULL,
  `updated_at` timestamp NULL DEFAULT NULL
) ENGINE=InnoDB DEFAULT CHARSET=utf8mb4 COLLATE=utf8mb4_unicode_ci;

--
-- Dumping data for table `orders`
--

INSERT INTO `orders` (`id`, `user_id`, `name`, `address`, `city`, `state`, `country`, `pincode`, `mobile`, `email`, `shipping_charges`, `coupon_code`, `coupon_amount`, `order_status`, `payment_method`, `payment_gateway`, `grand_total`, `courier_name`, `tracking_number`, `created_at`, `updated_at`) VALUES
(1, 1, 'Md. Ishrakul Islam Efaz', 'Road-10, Boroikhandi', 'Sylhet', 'Sylhet', 'Bangladesh', '3100', '01740309988', 'ahmud236@gmail.com', 0.00, NULL, NULL, 'Partially Delivered', 'COD', 'COD', 630.00, '', '', '2024-01-21 01:56:09', '2024-02-14 04:42:33'),
(2, 1, 'Md. Ishrakul Islam Efaz', 'Road-10, Boroikhandi', 'Sylhet', 'Sylhet', 'Bangladesh', '3100', '01740309988', 'ahmud236@gmail.com', 0.00, NULL, NULL, 'Delivered', 'COD', 'COD', 217.80, '', '', '2024-01-27 04:42:49', '2024-03-02 02:24:56'),
(3, 1, 'Md. Ishrakul Islam Efaz', 'Road-10, Boroikhandi', 'Sylhet', 'Sylhet', 'Bangladesh', '3100', '01740309988', 'ahmud236@gmail.com', 0.00, NULL, NULL, 'New', 'COD', 'COD', 1890.00, '', '', '2024-02-14 06:08:17', '2024-02-14 06:08:17'),
(4, 1, 'Md. Ishrakul Islam Efaz', 'Road-10, Boroikhandi', 'Sylhet', 'Sylhet', 'Bangladesh', '3100', '01740309988', 'ahmud236@gmail.com', 0.00, NULL, NULL, 'New', 'COD', 'COD', 108.90, '', '', '2024-02-14 06:11:34', '2024-02-14 06:11:34'),
(5, 1, 'Md. Ishrakul Islam Efaz', 'Road-10, Boroikhandi', 'Sylhet', 'Sylhet', 'Bangladesh', '3100', '01740309988', 'ahmud236@gmail.com', 0.00, NULL, NULL, 'New', 'COD', 'COD', 960.00, '', '', '2024-02-14 06:16:39', '2024-02-14 06:16:39'),
(6, 1, 'Md. Ishrakul Islam Efaz', 'Road-10, Boroikhandi', 'Sylhet', 'Sylhet', 'Bangladesh', '3100', '01740309988', 'ahmud236@gmail.com', 0.00, NULL, NULL, 'Delivered', 'COD', 'COD', 630.00, 'Sundorban', 'Sn-232112017', '2024-02-14 06:18:01', '2024-03-02 02:42:13'),
(7, 1, 'Md. Ishrakul Islam Efaz', 'Road-10, Boroikhandi', 'Sylhet', 'Sylhet', 'Bangladesh', '3100', '01740309988', 'ahmud236@gmail.com', 0.00, NULL, NULL, 'Shipped', 'COD', 'COD', 960.00, 'Sundorban', 'Sn-232112017', '2024-02-14 06:23:25', '2024-02-17 06:50:17'),
(8, 1, 'Md. Ishrakul Islam Efaz', 'Road-10, Boroikhandi', 'Sylhet', 'Sylhet', 'Bangladesh', '3100', '01740309988', 'ahmud236@gmail.com', 0.00, NULL, NULL, 'New', 'COD', 'COD', 1338.00, NULL, NULL, '2024-03-02 04:39:41', '2024-03-02 04:39:41'),
(9, 1, 'Md. Ishrakul Islam Efaz', 'Road-10, Boroikhandi', 'Sylhet', 'Sylhet', 'Bangladesh', '3100', '01740309988', 'ahmud236@gmail.com', 0.00, NULL, NULL, 'New', 'COD', 'COD', 252.90, NULL, NULL, '2024-03-02 04:56:46', '2024-03-02 04:56:46'),
(10, 3, 'EFaz', 'Sylhet', 'Sylhet', 'Sylhet', 'Bangladesh', '3100', '01740308899', 'ishrakul26@gmail.com', 0.00, NULL, NULL, 'New', 'COD', 'COD', 360.90, NULL, NULL, '2024-03-02 05:11:59', '2024-03-02 05:11:59'),
(11, 3, 'Islam Efaz', 'Road-10, Boroikhandi', 'Sylhet', 'Sylhet', 'Bangladesh', '3100', '01740309988', 'ishrakul26@gmail.com', 0.00, 'goz8CwQ8', 756.00, 'New', 'COD', 'COD', -630.00, NULL, NULL, '2024-03-11 04:02:51', '2024-03-11 04:02:51'),
(12, 3, 'Islam Efaz', 'Road-10, Boroikhandi', 'Sylhet', 'Sylhet', 'Bangladesh', '3100', '01740309988', 'ishrakul26@gmail.com', 0.00, '399EM0Vj', 100.00, 'New', 'COD', 'COD', 860.00, NULL, NULL, '2024-03-11 04:22:45', '2024-03-11 04:22:45'),
(13, 1, 'Md. Ishrakul Islam Efaz', 'Road-10, Boroikhandi', 'Sylhet', 'Sylhet', 'Bangladesh', '3100', '01740309988', 'ahmud236@gmail.com', 0.00, NULL, NULL, 'Pending', 'Prepaid', 'Paypal', 144.00, NULL, NULL, '2024-03-11 12:41:08', '2024-03-11 12:41:08'),
(14, 1, 'Md. Ishrakul Islam Efaz', 'Road-10, Boroikhandi', 'Sylhet', 'Sylhet', 'Bangladesh', '3100', '01740309988', 'ahmud236@gmail.com', 100.00, 'TZYsGuR2', 20.00, 'New', 'COD', 'COD', 224.00, NULL, NULL, '2024-03-13 05:27:15', '2024-03-13 05:27:15'),
(15, 1, 'Md. Ishrakul Islam Efaz', 'Road-10, Boroikhandi', 'Sylhet', 'Sylhet Sadar', 'Afghanistan', '3100', '01740309988', 'ahmud236@gmail.com', 100.00, NULL, NULL, 'New', 'COD', 'COD', 1060.00, NULL, NULL, '2024-03-14 02:02:01', '2024-03-14 02:02:01'),
(16, 1, 'Md. Ishrakul Islam Efaz', 'Road-10, Boroikhandi', 'Sylhet', 'Sylhet Sadar', 'Afghanistan', '3100', '01740309988', 'ahmud236@gmail.com', 150.00, NULL, NULL, 'New', 'COD', 'COD', 1410.00, NULL, NULL, '2024-03-14 03:29:49', '2024-03-14 03:29:49'),
(17, 1, 'Md. Ishrakul Islam Efaz', 'Road-10, Boroikhandi', 'Sylhet', 'Sylhet Sadar', 'Afghanistan', '3100', '01740309988', 'ahmud236@gmail.com', 220.00, NULL, NULL, 'New', 'COD', 'COD', 1102.00, NULL, NULL, '2024-03-14 03:33:04', '2024-03-14 03:33:04'),
(18, 1, 'Md. Ishrakul Islam Efaz', 'Road-10, Boroikhandi', 'Sylhet', 'Sylhet Sadar', 'Afghanistan', '3100', '01740309988', 'ahmud236@gmail.com', 100.00, NULL, NULL, 'New', 'COD', 'COD', 307.00, NULL, NULL, '2024-03-18 05:22:17', '2024-03-18 05:22:17'),
(19, 1, 'Md. Ishrakul Islam Efaz', 'Road-10, Boroikhandi', 'Sylhet', 'Sylhet Sadar', 'Afghanistan', '3100', '01740309988', 'ahmud236@gmail.com', 150.00, NULL, NULL, 'New', 'COD', 'COD', 42900.00, NULL, NULL, '2024-03-18 12:47:41', '2024-03-18 12:47:41'),
(20, 1, 'Md. Ishrakul Islam Efaz', 'Road-10, Boroikhandi', 'Sylhet', 'Sylhet Sadar', 'Afghanistan', '3100', '01740309988', 'ahmud236@gmail.com', 150.00, 'ezMRutYW', 45.00, 'New', 'COD', 'COD', 42855.00, NULL, NULL, '2024-03-18 12:56:42', '2024-03-18 12:56:42'),
(21, 1, 'Md. Ishrakul Islam Efaz', 'Road-10, Boroikhandi', 'Sylhet', 'Sylhet Sadar', 'Afghanistan', '3100', '01740309988', 'ahmud236@gmail.com', 150.00, NULL, NULL, 'New', 'COD', 'COD', 40857.00, NULL, NULL, '2024-03-18 13:24:08', '2024-03-18 13:24:08'),
(22, 1, 'Md. Ishrakul Islam Efaz', 'Road-10, Boroikhandi', 'Sylhet', 'Sylhet Sadar', 'Afghanistan', '3100', '01740309988', 'ahmud236@gmail.com', 150.00, NULL, NULL, 'New', 'COD', 'COD', 41100.00, NULL, NULL, '2024-03-18 13:27:58', '2024-03-18 13:27:58'),
(23, 1, 'Md. Ishrakul Islam Efaz', 'Road-10, Boroikhandi', 'Sylhet', 'Sylhet Sadar', 'Afghanistan', '3100', '01740309988', 'ahmud236@gmail.com', 150.00, 'ezMRutYW', 45.00, 'New', 'COD', 'COD', 41055.00, NULL, NULL, '2024-03-18 13:31:05', '2024-03-18 13:31:05'),
(24, 1, 'Md. Ishrakul Islam Efaz', 'Road-10, Boroikhandi', 'Sylhet', 'Sylhet Sadar', 'Afghanistan', '3100', '01740309988', 'ahmud236@gmail.com', 150.00, NULL, NULL, 'New', 'COD', 'COD', 2040.00, NULL, NULL, '2024-04-10 13:29:11', '2024-04-10 13:29:11'),
(30, 1, 'Md. Ishrakul Islam Efaz', 'Road-10, Boroikhandi', 'Sylhet', 'Sylhet Sadar', 'Afghanistan', '3100', '01740309988', 'ahmud236@gmail.com', 100.00, '2KpbgXOR', 45600.00, 'New', 'COD', 'COD', 182500.00, NULL, NULL, '2024-07-21 08:03:37', '2024-07-21 08:03:37'),
(31, 1, 'efaz', 'Sylhet', 'Sylhet', 'Sylhet', 'bangladesh', '100', '42424242', 'ahmud236@gmail.com', 0.00, NULL, NULL, 'New', 'COD', 'COD', 58167.00, NULL, NULL, '2024-07-25 13:01:49', '2024-07-25 13:01:49'),
(32, 1, 'Md. Ishrakul Islam Efaz', 'Road-10, Boroikhandi', 'Sylhet', 'Sylhet', 'Bangladesh', '3100', '3121286800', 'ahmud236@gmail.com', 0.00, NULL, NULL, 'New', 'COD', 'COD', 58167.00, NULL, NULL, '2024-07-25 13:46:27', '2024-07-25 13:46:27'),
(33, 1, 'Md. Ishrakul Islam Efaz', 'Road-10, Boroikhandi', 'Sylhet', 'Sylhet', 'Bangladesh', '3100', '01719298720', 'ahmud236@gmail.com', 0.00, NULL, NULL, 'New', 'COD', 'COD', 58167.00, NULL, NULL, '2024-07-25 13:57:03', '2024-07-25 13:57:03'),
(34, 1, 'Md. Ishrakul Islam Efaz', 'Road-10, Boroikhandi', 'Sylhet', 'Sylhet', 'Bangladesh', '3100', '2323232323', 'ahmud236@gmail.com', 0.00, NULL, NULL, 'New', 'COD', 'COD', 58797.00, NULL, NULL, '2024-08-08 12:48:34', '2024-08-08 12:48:34');

-- --------------------------------------------------------

--
-- Table structure for table `orders_logs`
--

CREATE TABLE `orders_logs` (
  `id` bigint(20) UNSIGNED NOT NULL,
  `order_id` int(11) NOT NULL,
  `order_item_id` int(11) DEFAULT NULL,
  `order_status` varchar(255) NOT NULL,
  `created_at` timestamp NULL DEFAULT NULL,
  `updated_at` timestamp NULL DEFAULT NULL
) ENGINE=InnoDB DEFAULT CHARSET=utf8mb4 COLLATE=utf8mb4_unicode_ci;

--
-- Dumping data for table `orders_logs`
--

INSERT INTO `orders_logs` (`id`, `order_id`, `order_item_id`, `order_status`, `created_at`, `updated_at`) VALUES
(1, 7, 15, 'Shipped', '2024-02-17 05:54:46', '2024-02-17 05:54:46'),
(2, 7, NULL, 'Shipped', '2024-02-17 06:50:17', '2024-02-17 06:50:17'),
(3, 7, 6, 'Shipped', '2024-02-17 07:12:50', '2024-02-17 07:12:50'),
(4, 2, NULL, 'Delivered', '2024-03-02 02:24:56', '2024-03-02 02:24:56'),
(5, 2, 1, 'In Process', '2024-03-02 02:25:18', '2024-03-02 02:25:18'),
(6, 2, 10, 'Pending', '2024-03-02 02:25:32', '2024-03-02 02:25:32'),
(7, 1, 9, 'Pending', '2024-03-02 02:37:19', '2024-03-02 02:37:19'),
(8, 6, NULL, 'Shipped', '2024-03-02 02:41:18', '2024-03-02 02:41:18'),
(9, 6, 5, 'In Process', '2024-03-02 02:41:36', '2024-03-02 02:41:36'),
(10, 6, 14, 'In Process', '2024-03-02 02:41:56', '2024-03-02 02:41:56'),
(11, 6, NULL, 'Delivered', '2024-03-02 02:42:13', '2024-03-02 02:42:13'),
(12, 2, 1, 'Shipped', '2024-03-02 03:12:22', '2024-03-02 03:12:22');

-- --------------------------------------------------------

--
-- Table structure for table `orders_products`
--

CREATE TABLE `orders_products` (
  `id` bigint(20) UNSIGNED NOT NULL,
  `order_id` int(11) NOT NULL,
  `user_id` int(11) NOT NULL,
  `vendor_id` int(11) NOT NULL,
  `admin_id` int(11) NOT NULL,
  `product_id` int(11) NOT NULL,
  `product_code` varchar(255) NOT NULL,
  `product_name` varchar(255) NOT NULL,
  `product_color` varchar(255) NOT NULL,
  `product_size` varchar(255) NOT NULL,
  `product_price` double(8,2) NOT NULL,
  `product_qty` int(11) NOT NULL,
  `item_status` varchar(255) DEFAULT NULL,
  `courier_name` varchar(255) DEFAULT NULL,
  `tracking_number` varchar(255) DEFAULT NULL,
  `created_at` timestamp NULL DEFAULT NULL,
  `updated_at` timestamp NULL DEFAULT NULL
) ENGINE=InnoDB DEFAULT CHARSET=utf8mb4 COLLATE=utf8mb4_unicode_ci;

--
-- Dumping data for table `orders_products`
--

INSERT INTO `orders_products` (`id`, `order_id`, `user_id`, `vendor_id`, `admin_id`, `product_id`, `product_code`, `product_name`, `product_color`, `product_size`, `product_price`, `product_qty`, `item_status`, `courier_name`, `tracking_number`, `created_at`, `updated_at`) VALUES
(1, 2, 1, 14, 14, 9, 'P-220', 'Polo', 'Black', 'P-S', 108.90, 2, 'Shipped', 'SA paribahan', 'TrxID2323112017', '2024-01-15 10:06:06', '2024-03-02 03:12:22'),
(2, 3, 1, 14, 14, 9, 'P-220', 'Polo', 'Black', 'P-S', 108.90, 2, NULL, NULL, NULL, '2024-01-15 10:19:15', '2024-01-15 10:19:15'),
(3, 4, 1, 14, 14, 9, 'P-220', 'Polo', 'Black', 'P-S', 108.90, 2, NULL, NULL, NULL, '2024-01-15 11:21:25', '2024-01-15 11:21:25'),
(4, 5, 1, 14, 14, 9, 'P-220', 'Polo', 'Black', 'P-S', 108.90, 2, NULL, NULL, NULL, '2024-01-15 11:22:08', '2024-01-15 11:22:08'),
(5, 6, 1, 14, 14, 9, 'P-220', 'Polo', 'Black', 'P-S', 108.90, 2, 'In Process', 'SA paribahan', 'TrxID2323112017', '2024-01-15 11:22:40', '2024-03-02 02:41:36'),
(6, 7, 1, 14, 14, 9, 'P-220', 'Polo', 'Black', 'P-S', 108.90, 2, 'Shipped', 'DLI', 'TrxID2323112017', '2024-01-15 11:27:51', '2024-02-17 07:12:50'),
(7, 8, 1, 1, 18, 10, 'vp-34', 'vendorPro', 'Black', 'vp-small', 630.00, 1, NULL, NULL, NULL, '2024-01-15 11:28:46', '2024-01-15 11:28:46'),
(9, 1, 1, 1, 18, 10, 'vp-34', 'vendorPro', 'Black', 'vp-small', 630.00, 1, 'Pending', NULL, NULL, '2024-01-21 01:56:09', '2024-03-02 02:37:19'),
(10, 2, 1, 14, 14, 9, 'P-220', 'Polo', 'Black', 'P-S', 108.90, 2, 'Pending', NULL, NULL, '2024-01-27 04:42:49', '2024-03-02 02:25:31'),
(11, 3, 1, 1, 18, 10, 'vp-34', 'vendorPro', 'Black', 'vp-small', 630.00, 3, NULL, NULL, NULL, '2024-02-14 06:08:17', '2024-02-14 06:08:17'),
(12, 4, 1, 14, 14, 9, 'P-220', 'Polo', 'Black', 'P-S', 108.90, 1, NULL, NULL, NULL, '2024-02-14 06:11:34', '2024-02-14 06:11:34'),
(13, 5, 1, 0, 1, 8, 'CS-21', 'Casual Shirt', 'Black', 'Cm-21', 960.00, 1, NULL, NULL, NULL, '2024-02-14 06:16:39', '2024-02-14 06:16:39'),
(14, 6, 1, 1, 18, 10, 'vp-34', 'vendorPro', 'Black', 'vp-small', 630.00, 1, 'In Process', 'SA paribahan', 'TrxID2323112017', '2024-02-14 06:18:02', '2024-03-02 02:41:56'),
(15, 7, 1, 0, 1, 8, 'CS-21', 'Casual Shirt', 'Black', 'Cm-21', 960.00, 1, 'Shipped', 'SA paribahan', 'TrxID2323112017', '2024-02-14 06:23:25', '2024-02-17 05:54:46'),
(16, 8, 1, 0, 1, 6, 'SS-67', 'Stripe Shirt', 'red', 'M', 126.00, 3, NULL, NULL, NULL, '2024-03-02 04:39:41', '2024-03-02 04:39:41'),
(17, 8, 1, 0, 1, 8, 'CS-21', 'Casual Shirt', 'Black', 'Cm-21', 960.00, 1, NULL, NULL, NULL, '2024-03-02 04:39:41', '2024-03-02 04:39:41'),
(18, 9, 1, 14, 14, 9, 'P-220', 'Polo', 'Black', 'P-S', 108.90, 1, NULL, NULL, NULL, '2024-03-02 04:56:46', '2024-03-02 04:56:46'),
(19, 9, 1, 0, 1, 6, 'SS-67', 'Stripe Shirt', 'red', 'L', 144.00, 1, NULL, NULL, NULL, '2024-03-02 04:56:46', '2024-03-02 04:56:46'),
(20, 10, 3, 0, 1, 6, 'SS-67', 'Stripe Shirt', 'red', 'M', 126.00, 2, NULL, NULL, NULL, '2024-03-02 05:11:59', '2024-03-02 05:11:59'),
(21, 10, 3, 14, 14, 9, 'P-220', 'Polo', 'Black', 'P-S', 108.90, 1, NULL, NULL, NULL, '2024-03-02 05:11:59', '2024-03-02 05:11:59'),
(22, 11, 3, 0, 1, 6, 'SS-67', 'Stripe Shirt', 'red', 'M', 126.00, 1, NULL, NULL, NULL, '2024-03-11 04:02:52', '2024-03-11 04:02:52'),
(23, 12, 3, 0, 1, 8, 'CS-21', 'Casual Shirt', 'Black', 'Cm-21', 960.00, 1, NULL, NULL, NULL, '2024-03-11 04:22:45', '2024-03-11 04:22:45'),
(24, 13, 1, 0, 1, 6, 'SS-67', 'Stripe Shirt', 'red', 'L', 144.00, 1, NULL, NULL, NULL, '2024-03-11 12:41:08', '2024-03-11 12:41:08'),
(25, 14, 1, 0, 1, 6, 'SS-67', 'Stripe Shirt', 'red', 'L', 144.00, 1, NULL, NULL, NULL, '2024-03-13 05:27:15', '2024-03-13 05:27:15'),
(26, 15, 1, 0, 1, 8, 'CS-21', 'Casual Shirt', 'Black', 'Cm-21', 960.00, 1, NULL, NULL, NULL, '2024-03-14 02:02:01', '2024-03-14 02:02:01'),
(27, 16, 1, 0, 1, 10, 'vp-34', 'vendorPro', 'Black', 'vp-small', 630.00, 2, NULL, NULL, NULL, '2024-03-14 03:29:49', '2024-03-14 03:29:49'),
(28, 17, 1, 0, 1, 6, 'SS-67', 'Stripe Shirt', 'red', 'M', 126.00, 2, NULL, NULL, NULL, '2024-03-14 03:33:04', '2024-03-14 03:33:04'),
(29, 17, 1, 0, 1, 10, 'vp-34', 'vendorPro', 'Black', 'vp-small', 630.00, 1, NULL, NULL, NULL, '2024-03-14 03:33:04', '2024-03-14 03:33:04'),
(30, 18, 1, 1, 18, 11, 'av-112', 'Ami Vendor', 'Red', 'av-sm', 207.00, 1, NULL, NULL, NULL, '2024-03-18 05:22:17', '2024-03-18 05:22:17'),
(31, 19, 1, 1, 18, 12, 'lp-110', 'Laptop', 'Silver', 'lp-110', 42750.00, 1, NULL, NULL, NULL, '2024-03-18 12:47:42', '2024-03-18 12:47:42'),
(32, 20, 1, 1, 18, 12, 'lp-110', 'Laptop', 'Silver', 'lp-110', 42750.00, 1, NULL, NULL, NULL, '2024-03-18 12:56:42', '2024-03-18 12:56:42'),
(33, 21, 1, 1, 18, 12, 'lp-110', 'Laptop', 'Silver', 'lp-110', 40500.00, 1, NULL, NULL, NULL, '2024-03-18 13:24:09', '2024-03-18 13:24:09'),
(34, 21, 1, 0, 1, 11, 'av-112', 'Ami Vendor', 'Red', 'av-sm', 207.00, 1, NULL, NULL, NULL, '2024-03-18 13:24:09', '2024-03-18 13:24:09'),
(35, 22, 1, 1, 18, 12, 'lp-110', 'Laptop', 'Silver', 'lp-110', 40500.00, 1, NULL, NULL, NULL, '2024-03-18 13:27:58', '2024-03-18 13:27:58'),
(36, 22, 1, 1, 18, 13, 'So-340', 'Second', 'Black', 'So-sm', 450.00, 1, NULL, NULL, NULL, '2024-03-18 13:27:58', '2024-03-18 13:27:58'),
(37, 23, 1, 1, 18, 12, 'lp-110', 'Laptop', 'Silver', 'lp-110', 40500.00, 1, NULL, NULL, NULL, '2024-03-18 13:31:05', '2024-03-18 13:31:05'),
(38, 23, 1, 1, 18, 13, 'So-340', 'Second', 'Black', 'So-sm', 450.00, 1, NULL, NULL, NULL, '2024-03-18 13:31:05', '2024-03-18 13:31:05'),
(39, 24, 1, 0, 1, 10, 'vp-34', 'vendorPro', 'Black', 'vp-small', 630.00, 3, NULL, NULL, NULL, '2024-04-10 13:29:11', '2024-04-10 13:29:11'),
(40, 30, 1, 0, 1, 14, 'SL-112', 'SL-112', 'Sliver', 'LS', 57000.00, 4, NULL, NULL, NULL, '2024-07-21 08:03:37', '2024-07-21 08:03:37'),
(41, 31, 1, 0, 1, 11, 'av-112', 'Ami Vendor', 'Red', 'av-sm', 207.00, 1, NULL, NULL, NULL, '2024-07-25 13:01:49', '2024-07-25 13:01:49'),
(42, 31, 1, 0, 1, 8, 'CS-21', 'Casual Shirt', 'Black', 'Cm-21', 960.00, 1, NULL, NULL, NULL, '2024-07-25 13:01:49', '2024-07-25 13:01:49'),
(43, 31, 1, 0, 1, 14, 'SL-112', 'SL-112', 'Sliver', 'LS', 57000.00, 1, NULL, NULL, NULL, '2024-07-25 13:01:49', '2024-07-25 13:01:49'),
(44, 32, 1, 0, 1, 11, 'av-112', 'Ami Vendor', 'Red', 'av-sm', 207.00, 1, NULL, NULL, NULL, '2024-07-25 13:46:27', '2024-07-25 13:46:27'),
(45, 32, 1, 0, 1, 8, 'CS-21', 'Casual Shirt', 'Black', 'Cm-21', 960.00, 1, NULL, NULL, NULL, '2024-07-25 13:46:27', '2024-07-25 13:46:27'),
(46, 32, 1, 0, 1, 14, 'SL-112', 'SL-112', 'Sliver', 'LS', 57000.00, 1, NULL, NULL, NULL, '2024-07-25 13:46:27', '2024-07-25 13:46:27'),
(47, 33, 1, 0, 1, 11, 'av-112', 'Ami Vendor', 'Red', 'av-sm', 207.00, 1, NULL, NULL, NULL, '2024-07-25 13:57:03', '2024-07-25 13:57:03'),
(48, 33, 1, 0, 1, 8, 'CS-21', 'Casual Shirt', 'Black', 'Cm-21', 960.00, 1, NULL, NULL, NULL, '2024-07-25 13:57:03', '2024-07-25 13:57:03'),
(49, 33, 1, 0, 1, 14, 'SL-112', 'SL-112', 'Sliver', 'LS', 57000.00, 1, NULL, NULL, NULL, '2024-07-25 13:57:03', '2024-07-25 13:57:03'),
(50, 34, 1, 0, 1, 10, 'vp-34', 'vendorPro', 'Black', 'vp-small', 630.00, 1, NULL, NULL, NULL, '2024-08-08 12:48:34', '2024-08-08 12:48:34'),
(51, 34, 1, 0, 1, 11, 'av-112', 'Ami Vendor', 'Red', 'av-sm', 207.00, 1, NULL, NULL, NULL, '2024-08-08 12:48:34', '2024-08-08 12:48:34'),
(52, 34, 1, 0, 1, 8, 'CS-21', 'Casual Shirt', 'Black', 'Cm-21', 960.00, 1, NULL, NULL, NULL, '2024-08-08 12:48:34', '2024-08-08 12:48:34'),
(53, 34, 1, 0, 1, 14, 'SL-112', 'SL-112', 'Sliver', 'LS', 57000.00, 1, NULL, NULL, NULL, '2024-08-08 12:48:34', '2024-08-08 12:48:34');

-- --------------------------------------------------------

--
-- Table structure for table `order_item_statuses`
--

CREATE TABLE `order_item_statuses` (
  `id` bigint(20) UNSIGNED NOT NULL,
  `name` varchar(255) NOT NULL,
  `status` tinyint(4) NOT NULL,
  `created_at` timestamp NULL DEFAULT NULL,
  `updated_at` timestamp NULL DEFAULT NULL
) ENGINE=InnoDB DEFAULT CHARSET=utf8mb4 COLLATE=utf8mb4_unicode_ci;

--
-- Dumping data for table `order_item_statuses`
--

INSERT INTO `order_item_statuses` (`id`, `name`, `status`, `created_at`, `updated_at`) VALUES
(1, 'Pending', 1, NULL, NULL),
(2, 'In Process', 1, NULL, NULL),
(3, 'Shipped', 1, NULL, NULL),
(4, 'Delivered', 1, NULL, NULL);

-- --------------------------------------------------------

--
-- Table structure for table `order_statuses`
--

CREATE TABLE `order_statuses` (
  `id` bigint(20) UNSIGNED NOT NULL,
  `name` varchar(255) NOT NULL,
  `status` tinyint(4) NOT NULL,
  `created_at` timestamp NULL DEFAULT NULL,
  `updated_at` timestamp NULL DEFAULT NULL
) ENGINE=InnoDB DEFAULT CHARSET=utf8mb4 COLLATE=utf8mb4_unicode_ci;

--
-- Dumping data for table `order_statuses`
--

INSERT INTO `order_statuses` (`id`, `name`, `status`, `created_at`, `updated_at`) VALUES
(1, 'New', 1, NULL, NULL),
(2, 'Pending', 1, NULL, NULL),
(3, 'Cancelled', 1, NULL, NULL),
(4, 'In Process', 1, NULL, NULL),
(5, 'Shipped', 1, NULL, NULL),
(6, 'Partially Shipped', 1, NULL, NULL),
(7, 'Delivered', 1, NULL, NULL),
(8, 'Partially Delivered', 1, NULL, NULL),
(9, 'Paid', 1, NULL, NULL);

-- --------------------------------------------------------

--
-- Table structure for table `password_resets`
--

CREATE TABLE `password_resets` (
  `email` varchar(255) NOT NULL,
  `token` varchar(255) NOT NULL,
  `created_at` timestamp NULL DEFAULT NULL
) ENGINE=InnoDB DEFAULT CHARSET=utf8mb4 COLLATE=utf8mb4_unicode_ci;

-- --------------------------------------------------------

--
-- Table structure for table `payments`
--

CREATE TABLE `payments` (
  `id` bigint(20) UNSIGNED NOT NULL,
  `order_id` int(11) NOT NULL,
  `user_id` int(11) NOT NULL,
  `payment_id` varchar(255) NOT NULL,
  `payer_id` varchar(255) NOT NULL,
  `payer_email` varchar(255) NOT NULL,
  `amount` double(10,2) NOT NULL,
  `currency` varchar(255) NOT NULL,
  `payment_status` varchar(255) NOT NULL,
  `created_at` timestamp NULL DEFAULT NULL,
  `updated_at` timestamp NULL DEFAULT NULL
) ENGINE=InnoDB DEFAULT CHARSET=utf8mb4 COLLATE=utf8mb4_unicode_ci;

-- --------------------------------------------------------

--
-- Table structure for table `personal_access_tokens`
--

CREATE TABLE `personal_access_tokens` (
  `id` bigint(20) UNSIGNED NOT NULL,
  `tokenable_type` varchar(255) NOT NULL,
  `tokenable_id` bigint(20) UNSIGNED NOT NULL,
  `name` varchar(255) NOT NULL,
  `token` varchar(64) NOT NULL,
  `abilities` text DEFAULT NULL,
  `last_used_at` timestamp NULL DEFAULT NULL,
  `created_at` timestamp NULL DEFAULT NULL,
  `updated_at` timestamp NULL DEFAULT NULL
) ENGINE=InnoDB DEFAULT CHARSET=utf8mb4 COLLATE=utf8mb4_unicode_ci;

-- --------------------------------------------------------

--
-- Table structure for table `prepaid_pincodes`
--

CREATE TABLE `prepaid_pincodes` (
  `id` int(11) NOT NULL,
  `pincode` varchar(255) NOT NULL,
  `created_at` datetime NOT NULL,
  `updated_at` datetime NOT NULL
) ENGINE=InnoDB DEFAULT CHARSET=utf8mb4 COLLATE=utf8mb4_general_ci;

--
-- Dumping data for table `prepaid_pincodes`
--

INSERT INTO `prepaid_pincodes` (`id`, `pincode`, `created_at`, `updated_at`) VALUES
(1, '8710', '2024-03-16 00:00:00', '2024-03-16 00:00:00'),
(2, '8730', '2024-03-17 00:00:00', '2024-03-17 00:00:00'),
(3, '8700', '2024-03-18 00:00:00', '2024-03-18 00:00:00'),
(4, '8701', '2024-03-19 00:00:00', '2024-03-19 00:00:00'),
(5, '8740', '2024-03-20 00:00:00', '2024-03-20 00:00:00'),
(6, '8741', '2024-03-21 00:00:00', '2024-03-21 00:00:00'),
(7, '8721', '2024-03-22 00:00:00', '2024-03-22 00:00:00'),
(8, '8720', '2024-03-23 00:00:00', '2024-03-23 00:00:00'),
(9, '8240', '2024-03-24 00:00:00', '2024-03-24 00:00:00'),
(10, '8241', '2024-03-25 00:00:00', '2024-03-25 00:00:00'),
(11, '8242', '2024-03-26 00:00:00', '2024-03-26 00:00:00'),
(12, '8210', '2024-03-27 00:00:00', '2024-03-27 00:00:00'),
(13, '8216', '2024-03-28 00:00:00', '2024-03-28 00:00:00'),
(14, '8212', '2024-03-29 00:00:00', '2024-03-29 00:00:00'),
(15, '8213', '2024-03-30 00:00:00', '2024-03-30 00:00:00'),
(16, '8215', '2024-03-31 00:00:00', '2024-03-31 00:00:00'),
(17, '8211', '2024-04-01 00:00:00', '2024-04-01 00:00:00'),
(18, '8214', '2024-04-02 00:00:00', '2024-04-02 00:00:00'),
(19, '8260', '2024-04-03 00:00:00', '2024-04-03 00:00:00'),
(20, '8261', '2024-04-04 00:00:00', '2024-04-04 00:00:00'),
(21, '8200', '2024-04-05 00:00:00', '2024-04-05 00:00:00'),
(22, '8201', '2024-04-06 00:00:00', '2024-04-06 00:00:00'),
(23, '8206', '2024-04-07 00:00:00', '2024-04-07 00:00:00'),
(24, '8205', '2024-04-08 00:00:00', '2024-04-08 00:00:00'),
(25, '8204', '2024-04-09 00:00:00', '2024-04-09 00:00:00'),
(26, '8202', '2024-04-10 00:00:00', '2024-04-10 00:00:00'),
(27, '8203', '2024-04-11 00:00:00', '2024-04-11 00:00:00'),
(28, '8233', '2024-04-12 00:00:00', '2024-04-12 00:00:00'),
(29, '8230', '2024-04-13 00:00:00', '2024-04-13 00:00:00'),
(30, '8232', '2024-04-14 00:00:00', '2024-04-14 00:00:00'),
(31, '8231', '2024-04-15 00:00:00', '2024-04-15 00:00:00'),
(32, '8274', '2024-04-16 00:00:00', '2024-04-16 00:00:00'),
(33, '8271', '2024-04-17 00:00:00', '2024-04-17 00:00:00'),
(34, '8270', '2024-04-18 00:00:00', '2024-04-18 00:00:00'),
(35, '8273', '2024-04-19 00:00:00', '2024-04-19 00:00:00'),
(36, '8272', '2024-04-20 00:00:00', '2024-04-20 00:00:00'),
(37, '8252', '2024-04-21 00:00:00', '2024-04-21 00:00:00'),
(38, '8251', '2024-04-22 00:00:00', '2024-04-22 00:00:00'),
(39, '8250', '2024-04-23 00:00:00', '2024-04-23 00:00:00'),
(40, '8281', '2024-04-24 00:00:00', '2024-04-24 00:00:00'),
(41, '8284', '2024-04-25 00:00:00', '2024-04-25 00:00:00'),
(42, '8282', '2024-04-26 00:00:00', '2024-04-26 00:00:00'),
(43, '8280', '2024-04-27 00:00:00', '2024-04-27 00:00:00'),
(44, '8283', '2024-04-28 00:00:00', '2024-04-28 00:00:00'),
(45, '8223', '2024-04-29 00:00:00', '2024-04-29 00:00:00'),
(46, '8221', '2024-04-30 00:00:00', '2024-04-30 00:00:00'),
(47, '8222', '2024-05-01 00:00:00', '2024-05-01 00:00:00'),
(48, '8224', '2024-05-02 00:00:00', '2024-05-02 00:00:00'),
(49, '8220', '2024-05-03 00:00:00', '2024-05-03 00:00:00'),
(50, '8300', '2024-05-04 00:00:00', '2024-05-04 00:00:00'),
(51, '8301', '2024-05-05 00:00:00', '2024-05-05 00:00:00'),
(52, '8320', '2024-05-06 00:00:00', '2024-05-06 00:00:00'),
(53, '8321', '2024-05-07 00:00:00', '2024-05-07 00:00:00'),
(54, '8340', '2024-05-08 00:00:00', '2024-05-08 00:00:00'),
(55, '8341', '2024-05-09 00:00:00', '2024-05-09 00:00:00'),
(56, '8342', '2024-05-10 00:00:00', '2024-05-10 00:00:00'),
(57, '8310', '2024-05-11 00:00:00', '2024-05-11 00:00:00'),
(58, '8311', '2024-05-12 00:00:00', '2024-05-12 00:00:00'),
(59, '8360', '2024-05-13 00:00:00', '2024-05-13 00:00:00'),
(60, '8350', '2024-05-14 00:00:00', '2024-05-14 00:00:00'),
(61, '8331', '2024-05-15 00:00:00', '2024-05-15 00:00:00'),
(62, '8332', '2024-05-16 00:00:00', '2024-05-16 00:00:00'),
(63, '8330', '2024-05-17 00:00:00', '2024-05-17 00:00:00'),
(64, '8402', '2024-05-18 00:00:00', '2024-05-18 00:00:00'),
(65, '8403', '2024-05-19 00:00:00', '2024-05-19 00:00:00'),
(66, '8400', '2024-05-20 00:00:00', '2024-05-20 00:00:00'),
(67, '8401', '2024-05-21 00:00:00', '2024-05-21 00:00:00'),
(68, '8404', '2024-05-22 00:00:00', '2024-05-22 00:00:00'),
(69, '8431', '2024-05-23 00:00:00', '2024-05-23 00:00:00'),
(70, '8430', '2024-05-24 00:00:00', '2024-05-24 00:00:00'),
(71, '8432', '2024-05-25 00:00:00', '2024-05-25 00:00:00'),
(72, '8433', '2024-05-26 00:00:00', '2024-05-26 00:00:00'),
(73, '8421', '2024-05-27 00:00:00', '2024-05-27 00:00:00'),
(74, '8420', '2024-05-28 00:00:00', '2024-05-28 00:00:00'),
(75, '8410', '2024-05-29 00:00:00', '2024-05-29 00:00:00'),
(76, '8621', '2024-05-30 00:00:00', '2024-05-30 00:00:00'),
(77, '8620', '2024-05-31 00:00:00', '2024-05-31 00:00:00'),
(78, '8622', '2024-06-01 00:00:00', '2024-06-01 00:00:00'),
(79, '8624', '2024-06-02 00:00:00', '2024-06-02 00:00:00'),
(80, '8623', '2024-06-03 00:00:00', '2024-06-03 00:00:00'),
(81, '8630', '2024-06-04 00:00:00', '2024-06-04 00:00:00'),
(82, '8640', '2024-06-05 00:00:00', '2024-06-05 00:00:00'),
(83, '8641', '2024-06-06 00:00:00', '2024-06-06 00:00:00'),
(84, '8650', '2024-06-07 00:00:00', '2024-06-07 00:00:00'),
(85, '8651', '2024-06-08 00:00:00', '2024-06-08 00:00:00'),
(86, '8602', '2024-06-09 00:00:00', '2024-06-09 00:00:00'),
(87, '8601', '2024-06-10 00:00:00', '2024-06-10 00:00:00'),
(88, '8600', '2024-06-11 00:00:00', '2024-06-11 00:00:00'),
(89, '8603', '2024-06-12 00:00:00', '2024-06-12 00:00:00'),
(90, '8610', '2024-06-13 00:00:00', '2024-06-13 00:00:00'),
(91, '8530', '2024-06-14 00:00:00', '2024-06-14 00:00:00'),
(92, '8531', '2024-06-15 00:00:00', '2024-06-15 00:00:00'),
(93, '8550', '2024-06-16 00:00:00', '2024-06-16 00:00:00'),
(94, '8552', '2024-06-17 00:00:00', '2024-06-17 00:00:00'),
(95, '8551', '2024-06-18 00:00:00', '2024-06-18 00:00:00'),
(96, '8513', '2024-06-19 00:00:00', '2024-06-19 00:00:00'),
(97, '8512', '2024-06-20 00:00:00', '2024-06-20 00:00:00'),
(98, '8510', '2024-06-21 00:00:00', '2024-06-21 00:00:00'),
(99, '8511', '2024-06-22 00:00:00', '2024-06-22 00:00:00'),
(100, '8565', '2024-06-23 00:00:00', '2024-06-23 00:00:00'),
(101, '8563', '2024-06-24 00:00:00', '2024-06-24 00:00:00'),
(102, '8562', '2024-06-25 00:00:00', '2024-06-25 00:00:00'),
(103, '8560', '2024-06-26 00:00:00', '2024-06-26 00:00:00'),
(104, '8566', '2024-06-27 00:00:00', '2024-06-27 00:00:00'),
(105, '8564', '2024-06-28 00:00:00', '2024-06-28 00:00:00'),
(106, '8561', '2024-06-29 00:00:00', '2024-06-29 00:00:00'),
(107, '8540', '2024-06-30 00:00:00', '2024-06-30 00:00:00'),
(108, '8541', '2024-07-01 00:00:00', '2024-07-01 00:00:00'),
(109, '8501', '2024-07-02 00:00:00', '2024-07-02 00:00:00'),
(110, '8502', '2024-07-03 00:00:00', '2024-07-03 00:00:00'),
(111, '8500', '2024-07-04 00:00:00', '2024-07-04 00:00:00'),
(112, '8521', '2024-07-05 00:00:00', '2024-07-05 00:00:00'),
(113, '8523', '2024-07-06 00:00:00', '2024-07-06 00:00:00'),
(114, '8522', '2024-07-07 00:00:00', '2024-07-07 00:00:00'),
(115, '8520', '2024-07-08 00:00:00', '2024-07-08 00:00:00'),
(116, '4650', '2024-07-09 00:00:00', '2024-07-09 00:00:00'),
(117, '4600', '2024-07-10 00:00:00', '2024-07-10 00:00:00'),
(118, '4660', '2024-07-11 00:00:00', '2024-07-11 00:00:00'),
(119, '4610', '2024-07-12 00:00:00', '2024-07-12 00:00:00'),
(120, '4620', '2024-07-13 00:00:00', '2024-07-13 00:00:00'),
(121, '4641', '2024-07-14 00:00:00', '2024-07-14 00:00:00'),
(122, '4630', '2024-07-15 00:00:00', '2024-07-15 00:00:00'),
(123, '3450', '2024-07-16 00:00:00', '2024-07-16 00:00:00'),
(124, '3451', '2024-07-17 00:00:00', '2024-07-17 00:00:00'),
(125, '3452', '2024-07-18 00:00:00', '2024-07-18 00:00:00'),
(126, '3420', '2024-07-19 00:00:00', '2024-07-19 00:00:00'),
(127, '3402', '2024-07-20 00:00:00', '2024-07-20 00:00:00'),
(128, '3403', '2024-07-21 00:00:00', '2024-07-21 00:00:00'),
(129, '3400', '2024-07-22 00:00:00', '2024-07-22 00:00:00'),
(130, '3404', '2024-07-23 00:00:00', '2024-07-23 00:00:00'),
(131, '3401', '2024-07-24 00:00:00', '2024-07-24 00:00:00'),
(132, '3462', '2024-07-25 00:00:00', '2024-07-25 00:00:00'),
(133, '3463', '2024-07-26 00:00:00', '2024-07-26 00:00:00'),
(134, '3464', '2024-07-27 00:00:00', '2024-07-27 00:00:00'),
(135, '3460', '2024-07-28 00:00:00', '2024-07-28 00:00:00'),
(136, '3461', '2024-07-29 00:00:00', '2024-07-29 00:00:00'),
(137, '3419', '2024-07-30 00:00:00', '2024-07-30 00:00:00'),
(138, '3417', '2024-07-31 00:00:00', '2024-07-31 00:00:00'),
(139, '3411', '2024-08-01 00:00:00', '2024-08-01 00:00:00'),
(140, '3410', '2024-08-02 00:00:00', '2024-08-02 00:00:00'),
(141, '3412', '2024-08-03 00:00:00', '2024-08-03 00:00:00'),
(142, '3414', '2024-08-04 00:00:00', '2024-08-04 00:00:00'),
(143, '3418', '2024-08-05 00:00:00', '2024-08-05 00:00:00'),
(144, '3415', '2024-08-06 00:00:00', '2024-08-06 00:00:00'),
(145, '3413', '2024-08-07 00:00:00', '2024-08-07 00:00:00'),
(146, '3441', '2024-08-08 00:00:00', '2024-08-08 00:00:00'),
(147, '3440', '2024-08-09 00:00:00', '2024-08-09 00:00:00'),
(148, '3432', '2024-08-10 00:00:00', '2024-08-10 00:00:00'),
(149, '3430', '2024-08-11 00:00:00', '2024-08-11 00:00:00'),
(150, '3431', '2024-08-12 00:00:00', '2024-08-12 00:00:00'),
(151, '3602', '2024-08-13 00:00:00', '2024-08-13 00:00:00'),
(152, '3600', '2024-08-14 00:00:00', '2024-08-14 00:00:00'),
(153, '3601', '2024-08-15 00:00:00', '2024-08-15 00:00:00'),
(154, '3603', '2024-08-16 00:00:00', '2024-08-16 00:00:00'),
(155, '3651', '2024-08-17 00:00:00', '2024-08-17 00:00:00'),
(156, '3650', '2024-08-18 00:00:00', '2024-08-18 00:00:00'),
(157, '3653', '2024-08-19 00:00:00', '2024-08-19 00:00:00'),
(158, '3655', '2024-08-20 00:00:00', '2024-08-20 00:00:00'),
(159, '3654', '2024-08-21 00:00:00', '2024-08-21 00:00:00'),
(160, '3652', '2024-08-22 00:00:00', '2024-08-22 00:00:00'),
(161, '3611', '2024-08-23 00:00:00', '2024-08-23 00:00:00'),
(162, '3610', '2024-08-24 00:00:00', '2024-08-24 00:00:00'),
(163, '3661', '2024-08-25 00:00:00', '2024-08-25 00:00:00'),
(164, '3660', '2024-08-26 00:00:00', '2024-08-26 00:00:00'),
(165, '3630', '2024-08-27 00:00:00', '2024-08-27 00:00:00'),
(166, '3631', '2024-08-28 00:00:00', '2024-08-28 00:00:00'),
(167, '3632', '2024-08-29 00:00:00', '2024-08-29 00:00:00'),
(168, '3633', '2024-08-30 00:00:00', '2024-08-30 00:00:00'),
(169, '3642', '2024-08-31 00:00:00', '2024-08-31 00:00:00'),
(170, '3640', '2024-09-01 00:00:00', '2024-09-01 00:00:00'),
(171, '3641', '2024-09-02 00:00:00', '2024-09-02 00:00:00'),
(172, '3623', '2024-09-03 00:00:00', '2024-09-03 00:00:00'),
(173, '3624', '2024-09-04 00:00:00', '2024-09-04 00:00:00'),
(174, '3621', '2024-09-05 00:00:00', '2024-09-05 00:00:00'),
(175, '3622', '2024-09-06 00:00:00', '2024-09-06 00:00:00'),
(176, '3620', '2024-09-07 00:00:00', '2024-09-07 00:00:00'),
(177, '4376', '2024-09-08 00:00:00', '2024-09-08 00:00:00'),
(178, '4378', '2024-09-09 00:00:00', '2024-09-09 00:00:00'),
(179, '4377', '2024-09-10 00:00:00', '2024-09-10 00:00:00'),
(180, '4366', '2024-09-11 00:00:00', '2024-09-11 00:00:00'),
(181, '4369', '2024-09-12 00:00:00', '2024-09-12 00:00:00'),
(182, '4365', '2024-09-13 00:00:00', '2024-09-13 00:00:00'),
(183, '4368', '2024-09-14 00:00:00', '2024-09-14 00:00:00'),
(184, '4363', '2024-09-15 00:00:00', '2024-09-15 00:00:00'),
(185, '4367', '2024-09-16 00:00:00', '2024-09-16 00:00:00'),
(186, '4364', '2024-09-17 00:00:00', '2024-09-17 00:00:00'),
(187, '4221', '2024-09-18 00:00:00', '2024-09-18 00:00:00'),
(188, '4211', '2024-09-19 00:00:00', '2024-09-19 00:00:00'),
(189, '4215', '2024-09-20 00:00:00', '2024-09-20 00:00:00'),
(190, '4210', '2024-09-21 00:00:00', '2024-09-21 00:00:00'),
(191, '4212', '2024-09-22 00:00:00', '2024-09-22 00:00:00'),
(192, '4203', '2024-09-23 00:00:00', '2024-09-23 00:00:00'),
(193, '4220', '2024-09-24 00:00:00', '2024-09-24 00:00:00'),
(194, '4219', '2024-09-25 00:00:00', '2024-09-25 00:00:00'),
(195, '4209', '2024-09-26 00:00:00', '2024-09-26 00:00:00'),
(196, '4218', '2024-09-27 00:00:00', '2024-09-27 00:00:00'),
(197, '4205', '2024-09-28 00:00:00', '2024-09-28 00:00:00'),
(198, '4100', '2024-09-29 00:00:00', '2024-09-29 00:00:00'),
(199, '4000', '2024-09-30 00:00:00', '2024-09-30 00:00:00'),
(200, '4223', '2024-10-01 00:00:00', '2024-10-01 00:00:00'),
(201, '4207', '2024-10-02 00:00:00', '2024-10-02 00:00:00'),
(202, '4216', '2024-10-03 00:00:00', '2024-10-03 00:00:00'),
(203, '4225', '2024-10-04 00:00:00', '2024-10-04 00:00:00'),
(204, '4214', '2024-10-05 00:00:00', '2024-10-05 00:00:00'),
(205, '4206', '2024-10-06 00:00:00', '2024-10-06 00:00:00'),
(206, '4222', '2024-10-07 00:00:00', '2024-10-07 00:00:00'),
(207, '4208', '2024-10-08 00:00:00', '2024-10-08 00:00:00'),
(208, '4226', '2024-10-09 00:00:00', '2024-10-09 00:00:00'),
(209, '4217', '2024-10-10 00:00:00', '2024-10-10 00:00:00'),
(210, '4202', '2024-10-11 00:00:00', '2024-10-11 00:00:00'),
(211, '4204', '2024-10-12 00:00:00', '2024-10-12 00:00:00'),
(212, '4224', '2024-10-13 00:00:00', '2024-10-13 00:00:00'),
(213, '4213', '2024-10-14 00:00:00', '2024-10-14 00:00:00'),
(214, '4383', '2024-10-15 00:00:00', '2024-10-15 00:00:00'),
(215, '4382', '2024-10-16 00:00:00', '2024-10-16 00:00:00'),
(216, '4380', '2024-10-17 00:00:00', '2024-10-17 00:00:00'),
(217, '4381', '2024-10-18 00:00:00', '2024-10-18 00:00:00'),
(218, '4352', '2024-10-19 00:00:00', '2024-10-19 00:00:00'),
(219, '4350', '2024-10-20 00:00:00', '2024-10-20 00:00:00'),
(220, '4354', '2024-10-21 00:00:00', '2024-10-21 00:00:00'),
(221, '4353', '2024-10-22 00:00:00', '2024-10-22 00:00:00'),
(222, '4351', '2024-10-23 00:00:00', '2024-10-23 00:00:00'),
(223, '4355', '2024-10-24 00:00:00', '2024-10-24 00:00:00'),
(224, '4331', '2024-10-25 00:00:00', '2024-10-25 00:00:00'),
(225, '4335', '2024-10-26 00:00:00', '2024-10-26 00:00:00'),
(226, '4332', '2024-10-27 00:00:00', '2024-10-27 00:00:00'),
(227, '4330', '2024-10-28 00:00:00', '2024-10-28 00:00:00'),
(228, '4333', '2024-10-29 00:00:00', '2024-10-29 00:00:00'),
(229, '4339', '2024-10-30 00:00:00', '2024-10-30 00:00:00'),
(230, '4334', '2024-10-31 00:00:00', '2024-10-31 00:00:00'),
(231, '4337', '2024-11-01 00:00:00', '2024-11-01 00:00:00'),
(232, '4338', '2024-11-02 00:00:00', '2024-11-02 00:00:00'),
(233, '4393', '2024-11-03 00:00:00', '2024-11-03 00:00:00'),
(234, '4392', '2024-11-04 00:00:00', '2024-11-04 00:00:00'),
(235, '4390', '2024-11-05 00:00:00', '2024-11-05 00:00:00'),
(236, '4391', '2024-11-06 00:00:00', '2024-11-06 00:00:00'),
(237, '4398', '2024-11-07 00:00:00', '2024-11-07 00:00:00'),
(238, '4396', '2024-11-08 00:00:00', '2024-11-08 00:00:00'),
(239, '4397', '2024-11-09 00:00:00', '2024-11-09 00:00:00'),
(240, '4321', '2024-11-10 00:00:00', '2024-11-10 00:00:00'),
(241, '4325', '2024-11-11 00:00:00', '2024-11-11 00:00:00'),
(242, '4323', '2024-11-12 00:00:00', '2024-11-12 00:00:00'),
(243, '4322', '2024-11-13 00:00:00', '2024-11-13 00:00:00'),
(244, '4324', '2024-11-14 00:00:00', '2024-11-14 00:00:00'),
(245, '4327', '2024-11-15 00:00:00', '2024-11-15 00:00:00'),
(246, '4320', '2024-11-16 00:00:00', '2024-11-16 00:00:00'),
(247, '4328', '2024-11-17 00:00:00', '2024-11-17 00:00:00'),
(248, '4371', '2024-11-18 00:00:00', '2024-11-18 00:00:00'),
(249, '4370', '2024-11-19 00:00:00', '2024-11-19 00:00:00'),
(250, '4361', '2024-11-20 00:00:00', '2024-11-20 00:00:00'),
(251, '4360', '2024-11-21 00:00:00', '2024-11-21 00:00:00'),
(252, '4349', '2024-11-22 00:00:00', '2024-11-22 00:00:00'),
(253, '4341', '2024-11-23 00:00:00', '2024-11-23 00:00:00'),
(254, '4347', '2024-11-24 00:00:00', '2024-11-24 00:00:00'),
(255, '4345', '2024-11-25 00:00:00', '2024-11-25 00:00:00'),
(256, '4343', '2024-11-26 00:00:00', '2024-11-26 00:00:00'),
(257, '4346', '2024-11-27 00:00:00', '2024-11-27 00:00:00'),
(258, '4344', '2024-11-28 00:00:00', '2024-11-28 00:00:00'),
(259, '4342', '2024-11-29 00:00:00', '2024-11-29 00:00:00'),
(260, '4348', '2024-11-30 00:00:00', '2024-11-30 00:00:00'),
(261, '4340', '2024-12-01 00:00:00', '2024-12-01 00:00:00'),
(262, '4300', '2024-12-02 00:00:00', '2024-12-02 00:00:00'),
(263, '4301', '2024-12-03 00:00:00', '2024-12-03 00:00:00'),
(264, '4302', '2024-12-04 00:00:00', '2024-12-04 00:00:00'),
(265, '4387', '2024-12-05 00:00:00', '2024-12-05 00:00:00'),
(266, '4388', '2024-12-06 00:00:00', '2024-12-06 00:00:00'),
(267, '4386', '2024-12-07 00:00:00', '2024-12-07 00:00:00'),
(268, '4312', '2024-12-08 00:00:00', '2024-12-08 00:00:00'),
(269, '4311', '2024-12-09 00:00:00', '2024-12-09 00:00:00'),
(270, '4313', '2024-12-10 00:00:00', '2024-12-10 00:00:00'),
(271, '4315', '2024-12-11 00:00:00', '2024-12-11 00:00:00'),
(272, '4316', '2024-12-12 00:00:00', '2024-12-12 00:00:00'),
(273, '4317', '2024-12-13 00:00:00', '2024-12-13 00:00:00'),
(274, '4314', '2024-12-14 00:00:00', '2024-12-14 00:00:00'),
(275, '4310', '2024-12-15 00:00:00', '2024-12-15 00:00:00'),
(276, '3560', '2024-12-16 00:00:00', '2024-12-16 00:00:00'),
(277, '3562', '2024-12-17 00:00:00', '2024-12-17 00:00:00'),
(278, '3561', '2024-12-18 00:00:00', '2024-12-18 00:00:00'),
(279, '3526', '2024-12-19 00:00:00', '2024-12-19 00:00:00'),
(280, '3520', '2024-12-20 00:00:00', '2024-12-20 00:00:00'),
(281, '3521', '2024-12-21 00:00:00', '2024-12-21 00:00:00'),
(282, '3510', '2024-12-22 00:00:00', '2024-12-22 00:00:00'),
(283, '3511', '2024-12-23 00:00:00', '2024-12-23 00:00:00'),
(284, '3551', '2024-12-24 00:00:00', '2024-12-24 00:00:00'),
(285, '3552', '2024-12-25 00:00:00', '2024-12-25 00:00:00'),
(286, '3550', '2024-12-26 00:00:00', '2024-12-26 00:00:00'),
(287, '3501', '2024-12-27 00:00:00', '2024-12-27 00:00:00'),
(288, '3500', '2024-12-28 00:00:00', '2024-12-28 00:00:00'),
(289, '3503', '2024-12-29 00:00:00', '2024-12-29 00:00:00'),
(290, '3502', '2024-12-30 00:00:00', '2024-12-30 00:00:00'),
(291, '3504', '2024-12-31 00:00:00', '2024-12-31 00:00:00'),
(292, '3518', '2025-01-01 00:00:00', '2025-01-01 00:00:00'),
(293, '3516', '2025-01-02 00:00:00', '2025-01-02 00:00:00'),
(294, '3519', '2025-01-03 00:00:00', '2025-01-03 00:00:00'),
(295, '3517', '2025-01-04 00:00:00', '2025-01-04 00:00:00'),
(296, '3532', '2025-01-05 00:00:00', '2025-01-05 00:00:00'),
(297, '3530', '2025-01-06 00:00:00', '2025-01-06 00:00:00'),
(298, '3533', '2025-01-07 00:00:00', '2025-01-07 00:00:00'),
(299, '3531', '2025-01-08 00:00:00', '2025-01-08 00:00:00'),
(300, '3546', '2025-01-09 00:00:00', '2025-01-09 00:00:00'),
(301, '3572', '2025-01-10 00:00:00', '2025-01-10 00:00:00'),
(302, '3570', '2025-01-11 00:00:00', '2025-01-11 00:00:00'),
(303, '3571', '2025-01-12 00:00:00', '2025-01-12 00:00:00'),
(304, '3582', '2025-01-13 00:00:00', '2025-01-13 00:00:00'),
(305, '3581', '2025-01-14 00:00:00', '2025-01-14 00:00:00'),
(306, '3583', '2025-01-15 00:00:00', '2025-01-15 00:00:00'),
(307, '3580', '2025-01-16 00:00:00', '2025-01-16 00:00:00'),
(308, '3543', '2025-01-17 00:00:00', '2025-01-17 00:00:00'),
(309, '3542', '2025-01-18 00:00:00', '2025-01-18 00:00:00'),
(310, '3540', '2025-01-19 00:00:00', '2025-01-19 00:00:00'),
(311, '3545', '2025-01-20 00:00:00', '2025-01-20 00:00:00'),
(312, '3541', '2025-01-21 00:00:00', '2025-01-21 00:00:00'),
(313, '3544', '2025-01-22 00:00:00', '2025-01-22 00:00:00'),
(314, '4742', '2025-01-23 00:00:00', '2025-01-23 00:00:00'),
(315, '4740', '2025-01-24 00:00:00', '2025-01-24 00:00:00'),
(316, '4741', '2025-01-25 00:00:00', '2025-01-25 00:00:00'),
(317, '4743', '2025-01-26 00:00:00', '2025-01-26 00:00:00'),
(318, '4700', '2025-01-27 00:00:00', '2025-01-27 00:00:00'),
(319, '4702', '2025-01-28 00:00:00', '2025-01-28 00:00:00'),
(320, '4701', '2025-01-29 00:00:00', '2025-01-29 00:00:00'),
(321, '4710', '2025-01-30 00:00:00', '2025-01-30 00:00:00'),
(322, '4720', '2025-01-31 00:00:00', '2025-01-31 00:00:00'),
(323, '4730', '2025-02-01 00:00:00', '2025-02-01 00:00:00'),
(324, '4761', '2025-02-02 00:00:00', '2025-02-02 00:00:00'),
(325, '4762', '2025-02-03 00:00:00', '2025-02-03 00:00:00'),
(326, '4760', '2025-02-04 00:00:00', '2025-02-04 00:00:00'),
(327, '4750', '2025-02-05 00:00:00', '2025-02-05 00:00:00'),
(328, '3910', '2025-02-06 00:00:00', '2025-02-06 00:00:00'),
(329, '3912', '2025-02-07 00:00:00', '2025-02-07 00:00:00'),
(330, '3911', '2025-02-08 00:00:00', '2025-02-08 00:00:00'),
(331, '3913', '2025-02-09 00:00:00', '2025-02-09 00:00:00'),
(332, '3922', '2025-02-10 00:00:00', '2025-02-10 00:00:00'),
(333, '3920', '2025-02-11 00:00:00', '2025-02-11 00:00:00'),
(334, '3921', '2025-02-12 00:00:00', '2025-02-12 00:00:00'),
(335, '3923', '2025-02-13 00:00:00', '2025-02-13 00:00:00'),
(336, '3901', '2025-02-14 00:00:00', '2025-02-14 00:00:00'),
(337, '3900', '2025-02-15 00:00:00', '2025-02-15 00:00:00'),
(338, '3903', '2025-02-16 00:00:00', '2025-02-16 00:00:00'),
(339, '3902', '2025-02-17 00:00:00', '2025-02-17 00:00:00'),
(340, '3942', '2025-02-18 00:00:00', '2025-02-18 00:00:00'),
(341, '3943', '2025-02-19 00:00:00', '2025-02-19 00:00:00'),
(342, '3940', '2025-02-20 00:00:00', '2025-02-20 00:00:00'),
(343, '3941', '2025-02-21 00:00:00', '2025-02-21 00:00:00'),
(344, '3932', '2025-02-22 00:00:00', '2025-02-22 00:00:00'),
(345, '3933', '2025-02-23 00:00:00', '2025-02-23 00:00:00'),
(346, '3931', '2025-02-24 00:00:00', '2025-02-24 00:00:00'),
(347, '3930', '2025-02-25 00:00:00', '2025-02-25 00:00:00'),
(348, '4420', '2025-02-26 00:00:00', '2025-02-26 00:00:00'),
(349, '4400', '2025-02-27 00:00:00', '2025-02-27 00:00:00'),
(350, '4470', '2025-02-28 00:00:00', '2025-02-28 00:00:00'),
(351, '4430', '2025-03-01 00:00:00', '2025-03-01 00:00:00'),
(352, '4460', '2025-03-02 00:00:00', '2025-03-02 00:00:00'),
(353, '4450', '2025-03-03 00:00:00', '2025-03-03 00:00:00'),
(354, '4410', '2025-03-04 00:00:00', '2025-03-04 00:00:00'),
(355, '4440', '2025-03-05 00:00:00', '2025-03-05 00:00:00'),
(356, '3730', '2025-03-06 00:00:00', '2025-03-06 00:00:00'),
(357, '3731', '2025-03-07 00:00:00', '2025-03-07 00:00:00'),
(358, '3732', '2025-03-08 00:00:00', '2025-03-08 00:00:00'),
(359, '3709', '2025-03-09 00:00:00', '2025-03-09 00:00:00'),
(360, '3702', '2025-03-10 00:00:00', '2025-03-10 00:00:00'),
(361, '3708', '2025-03-11 00:00:00', '2025-03-11 00:00:00'),
(362, '3707', '2025-03-12 00:00:00', '2025-03-12 00:00:00'),
(363, '3701', '2025-03-13 00:00:00', '2025-03-13 00:00:00'),
(364, '3706', '2025-03-14 00:00:00', '2025-03-14 00:00:00'),
(365, '3704', '2025-03-15 00:00:00', '2025-03-15 00:00:00'),
(366, '3700', '2025-03-16 00:00:00', '2025-03-16 00:00:00'),
(367, '3703', '2025-03-17 00:00:00', '2025-03-17 00:00:00'),
(368, '3705', '2025-03-18 00:00:00', '2025-03-18 00:00:00'),
(369, '3721', '2025-03-19 00:00:00', '2025-03-19 00:00:00'),
(370, '3725', '2025-03-20 00:00:00', '2025-03-20 00:00:00'),
(371, '3723', '2025-03-21 00:00:00', '2025-03-21 00:00:00'),
(372, '3724', '2025-03-22 00:00:00', '2025-03-22 00:00:00'),
(373, '3722', '2025-03-23 00:00:00', '2025-03-23 00:00:00'),
(374, '3720', '2025-03-24 00:00:00', '2025-03-24 00:00:00'),
(375, '3714', '2025-03-25 00:00:00', '2025-03-25 00:00:00'),
(376, '3713', '2025-03-26 00:00:00', '2025-03-26 00:00:00'),
(377, '3712', '2025-03-27 00:00:00', '2025-03-27 00:00:00'),
(378, '3711', '2025-03-28 00:00:00', '2025-03-28 00:00:00'),
(379, '3710', '2025-03-29 00:00:00', '2025-03-29 00:00:00'),
(380, '3850', '2025-03-30 00:00:00', '2025-03-30 00:00:00'),
(381, '3851', '2025-03-31 00:00:00', '2025-03-31 00:00:00'),
(382, '3831', '2025-04-01 00:00:00', '2025-04-01 00:00:00'),
(383, '3847', '2025-04-02 00:00:00', '2025-04-02 00:00:00'),
(384, '3822', '2025-04-03 00:00:00', '2025-04-03 00:00:00'),
(385, '3824', '2025-04-04 00:00:00', '2025-04-04 00:00:00'),
(386, '3820', '2025-04-05 00:00:00', '2025-04-05 00:00:00'),
(387, '3837', '2025-04-06 00:00:00', '2025-04-06 00:00:00'),
(388, '3821', '2025-04-07 00:00:00', '2025-04-07 00:00:00'),
(389, '3843', '2025-04-08 00:00:00', '2025-04-08 00:00:00'),
(390, '3848', '2025-04-09 00:00:00', '2025-04-09 00:00:00'),
(391, '3828', '2025-04-10 00:00:00', '2025-04-10 00:00:00'),
(392, '3825', '2025-04-11 00:00:00', '2025-04-11 00:00:00'),
(393, '3844', '2025-04-12 00:00:00', '2025-04-12 00:00:00'),
(394, '3829', '2025-04-13 00:00:00', '2025-04-13 00:00:00'),
(395, '3833', '2025-04-14 00:00:00', '2025-04-14 00:00:00'),
(396, '3842', '2025-04-15 00:00:00', '2025-04-15 00:00:00'),
(397, '3838', '2025-04-16 00:00:00', '2025-04-16 00:00:00'),
(398, '3823', '2025-04-17 00:00:00', '2025-04-17 00:00:00'),
(399, '3839', '2025-04-18 00:00:00', '2025-04-18 00:00:00'),
(400, '3841', '2025-04-19 00:00:00', '2025-04-19 00:00:00'),
(401, '3835', '2025-04-20 00:00:00', '2025-04-20 00:00:00'),
(402, '3834', '2025-04-21 00:00:00', '2025-04-21 00:00:00'),
(403, '3827', '2025-04-22 00:00:00', '2025-04-22 00:00:00'),
(404, '3832', '2025-04-23 00:00:00', '2025-04-23 00:00:00'),
(405, '3845', '2025-04-24 00:00:00', '2025-04-24 00:00:00'),
(406, '3879', '2025-04-25 00:00:00', '2025-04-25 00:00:00'),
(407, '3873', '2025-04-26 00:00:00', '2025-04-26 00:00:00'),
(408, '3870', '2025-04-27 00:00:00', '2025-04-27 00:00:00'),
(409, '3878', '2025-04-28 00:00:00', '2025-04-28 00:00:00'),
(410, '3877', '2025-04-29 00:00:00', '2025-04-29 00:00:00'),
(411, '3872', '2025-04-30 00:00:00', '2025-04-30 00:00:00'),
(412, '3871', '2025-05-01 00:00:00', '2025-05-01 00:00:00'),
(413, '3874', '2025-05-02 00:00:00', '2025-05-02 00:00:00'),
(414, '3881', '2025-05-03 00:00:00', '2025-05-03 00:00:00'),
(415, '3882', '2025-05-04 00:00:00', '2025-05-04 00:00:00'),
(416, '3883', '2025-05-05 00:00:00', '2025-05-05 00:00:00'),
(417, '3875', '2025-05-06 00:00:00', '2025-05-06 00:00:00'),
(418, '3891', '2025-05-07 00:00:00', '2025-05-07 00:00:00'),
(419, '3890', '2025-05-08 00:00:00', '2025-05-08 00:00:00'),
(420, '3892', '2025-05-09 00:00:00', '2025-05-09 00:00:00'),
(421, '3811', '2025-05-10 00:00:00', '2025-05-10 00:00:00'),
(422, '3812', '2025-05-11 00:00:00', '2025-05-11 00:00:00'),
(423, '3809', '2025-05-12 00:00:00', '2025-05-12 00:00:00'),
(424, '3803', '2025-05-13 00:00:00', '2025-05-13 00:00:00'),
(425, '3807', '2025-05-14 00:00:00', '2025-05-14 00:00:00'),
(426, '3808', '2025-05-15 00:00:00', '2025-05-15 00:00:00'),
(427, '3806', '2025-05-16 00:00:00', '2025-05-16 00:00:00'),
(428, '3801', '2025-05-17 00:00:00', '2025-05-17 00:00:00'),
(429, '3800', '2025-05-18 00:00:00', '2025-05-18 00:00:00'),
(430, '3804', '2025-05-19 00:00:00', '2025-05-19 00:00:00'),
(431, '3802', '2025-05-20 00:00:00', '2025-05-20 00:00:00'),
(432, '3862', '2025-05-21 00:00:00', '2025-05-21 00:00:00'),
(433, '3864', '2025-05-22 00:00:00', '2025-05-22 00:00:00'),
(434, '3861', '2025-05-23 00:00:00', '2025-05-23 00:00:00'),
(435, '3863', '2025-05-24 00:00:00', '2025-05-24 00:00:00'),
(436, '3860', '2025-05-25 00:00:00', '2025-05-25 00:00:00'),
(437, '3865', '2025-05-26 00:00:00', '2025-05-26 00:00:00'),
(438, '4570', '2025-05-27 00:00:00', '2025-05-27 00:00:00'),
(439, '4550', '2025-05-28 00:00:00', '2025-05-28 00:00:00'),
(440, '4560', '2025-05-29 00:00:00', '2025-05-29 00:00:00'),
(441, '4511', '2025-05-30 00:00:00', '2025-05-30 00:00:00'),
(442, '4510', '2025-05-31 00:00:00', '2025-05-31 00:00:00'),
(443, '4531', '2025-06-01 00:00:00', '2025-06-01 00:00:00'),
(444, '4530', '2025-06-02 00:00:00', '2025-06-02 00:00:00'),
(445, '4533', '2025-06-03 00:00:00', '2025-06-03 00:00:00'),
(446, '4532', '2025-06-04 00:00:00', '2025-06-04 00:00:00'),
(447, '4580', '2025-06-05 00:00:00', '2025-06-05 00:00:00'),
(448, '4590', '2025-06-06 00:00:00', '2025-06-06 00:00:00'),
(449, '4520', '2025-06-07 00:00:00', '2025-06-07 00:00:00'),
(450, '4540', '2025-06-08 00:00:00', '2025-06-08 00:00:00'),
(451, '4500', '2025-06-09 00:00:00', '2025-06-09 00:00:00'),
(452, '1360', '2025-06-10 00:00:00', '2025-06-10 00:00:00'),
(453, '1362', '2025-06-11 00:00:00', '2025-06-11 00:00:00'),
(454, '1361', '2025-06-12 00:00:00', '2025-06-12 00:00:00'),
(455, '1206', '2025-06-13 00:00:00', '2025-06-13 00:00:00'),
(456, '1350', '2025-06-14 00:00:00', '2025-06-14 00:00:00'),
(457, '1351', '2025-06-15 00:00:00', '2025-06-15 00:00:00'),
(458, '1209', '2025-06-16 00:00:00', '2025-06-16 00:00:00'),
(459, '1213', '2025-06-17 00:00:00', '2025-06-17 00:00:00'),
(460, '1212', '2025-06-18 00:00:00', '2025-06-18 00:00:00'),
(461, '1232', '2025-06-19 00:00:00', '2025-06-19 00:00:00'),
(462, '1330', '2025-06-20 00:00:00', '2025-06-20 00:00:00'),
(463, '1332', '2025-06-21 00:00:00', '2025-06-21 00:00:00'),
(464, '1331', '2025-06-22 00:00:00', '2025-06-22 00:00:00'),
(465, '1312', '2025-06-23 00:00:00', '2025-06-23 00:00:00'),
(466, '1311', '2025-06-24 00:00:00', '2025-06-24 00:00:00'),
(467, '1313', '2025-06-25 00:00:00', '2025-06-25 00:00:00'),
(468, '1310', '2025-06-26 00:00:00', '2025-06-26 00:00:00'),
(469, '1219', '2025-06-27 00:00:00', '2025-06-27 00:00:00'),
(470, '1229', '2025-06-28 00:00:00', '2025-06-28 00:00:00'),
(471, '1211', '2025-06-29 00:00:00', '2025-06-29 00:00:00'),
(472, '1216', '2025-06-30 00:00:00', '2025-06-30 00:00:00'),
(473, '1207', '2025-07-01 00:00:00', '2025-07-01 00:00:00'),
(474, '1225', '2025-07-02 00:00:00', '2025-07-02 00:00:00'),
(475, '1222', '2025-07-03 00:00:00', '2025-07-03 00:00:00'),
(476, '1223', '2025-07-04 00:00:00', '2025-07-04 00:00:00'),
(477, '1323', '2025-07-05 00:00:00', '2025-07-05 00:00:00'),
(478, '1325', '2025-07-06 00:00:00', '2025-07-06 00:00:00'),
(479, '1322', '2025-07-07 00:00:00', '2025-07-07 00:00:00'),
(480, '1321', '2025-07-08 00:00:00', '2025-07-08 00:00:00'),
(481, '1324', '2025-07-09 00:00:00', '2025-07-09 00:00:00'),
(482, '1320', '2025-07-10 00:00:00', '2025-07-10 00:00:00'),
(483, '1205', '2025-07-11 00:00:00', '2025-07-11 00:00:00'),
(484, '1000', '2025-07-12 00:00:00', '2025-07-12 00:00:00'),
(485, '1217', '2025-07-13 00:00:00', '2025-07-13 00:00:00'),
(486, '1214', '2025-07-14 00:00:00', '2025-07-14 00:00:00'),
(487, '1348', '2025-07-15 00:00:00', '2025-07-15 00:00:00'),
(488, '1341', '2025-07-16 00:00:00', '2025-07-16 00:00:00'),
(489, '1349', '2025-07-17 00:00:00', '2025-07-17 00:00:00'),
(490, '1342', '2025-07-18 00:00:00', '2025-07-18 00:00:00'),
(491, '1346', '2025-07-19 00:00:00', '2025-07-19 00:00:00'),
(492, '1347', '2025-07-20 00:00:00', '2025-07-20 00:00:00'),
(493, '1340', '2025-07-21 00:00:00', '2025-07-21 00:00:00'),
(494, '1344', '2025-07-22 00:00:00', '2025-07-22 00:00:00'),
(495, '1343', '2025-07-23 00:00:00', '2025-07-23 00:00:00'),
(496, '1345', '2025-07-24 00:00:00', '2025-07-24 00:00:00'),
(497, '1100', '2025-07-25 00:00:00', '2025-07-25 00:00:00'),
(498, '1204', '2025-07-26 00:00:00', '2025-07-26 00:00:00'),
(499, '1203', '2025-07-27 00:00:00', '2025-07-27 00:00:00'),
(500, '1215', '2025-07-28 00:00:00', '2025-07-28 00:00:00'),
(501, '1208', '2025-07-29 00:00:00', '2025-07-29 00:00:00'),
(502, '1230', '2025-07-30 00:00:00', '2025-07-30 00:00:00'),
(503, '7870', '2025-07-31 00:00:00', '2025-07-31 00:00:00'),
(504, '7830', '2025-08-01 00:00:00', '2025-08-01 00:00:00'),
(505, '7860', '2025-08-02 00:00:00', '2025-08-02 00:00:00'),
(506, '7861', '2025-08-03 00:00:00', '2025-08-03 00:00:00'),
(507, '7810', '2025-08-04 00:00:00', '2025-08-04 00:00:00'),
(508, '7802', '2025-08-05 00:00:00', '2025-08-05 00:00:00'),
(509, '7803', '2025-08-06 00:00:00', '2025-08-06 00:00:00'),
(510, '7800', '2025-08-07 00:00:00', '2025-08-07 00:00:00'),
(511, '7801', '2025-08-08 00:00:00', '2025-08-08 00:00:00'),
(512, '7851', '2025-08-09 00:00:00', '2025-08-09 00:00:00'),
(513, '7850', '2025-08-10 00:00:00', '2025-08-10 00:00:00'),
(514, '7840', '2025-08-11 00:00:00', '2025-08-11 00:00:00'),
(515, '7841', '2025-08-12 00:00:00', '2025-08-12 00:00:00'),
(516, '7822', '2025-08-13 00:00:00', '2025-08-13 00:00:00'),
(517, '7821', '2025-08-14 00:00:00', '2025-08-14 00:00:00'),
(518, '7820', '2025-08-15 00:00:00', '2025-08-15 00:00:00'),
(519, '7804', '2025-08-16 00:00:00', '2025-08-16 00:00:00'),
(520, '1703', '2025-08-17 00:00:00', '2025-08-17 00:00:00'),
(521, '1701', '2025-08-18 00:00:00', '2025-08-18 00:00:00'),
(522, '1702', '2025-08-19 00:00:00', '2025-08-19 00:00:00'),
(523, '1700', '2025-08-20 00:00:00', '2025-08-20 00:00:00'),
(524, '1704', '2025-08-21 00:00:00', '2025-08-21 00:00:00'),
(525, '1750', '2025-08-22 00:00:00', '2025-08-22 00:00:00'),
(526, '1751', '2025-08-23 00:00:00', '2025-08-23 00:00:00'),
(527, '1720', '2025-08-24 00:00:00', '2025-08-24 00:00:00'),
(528, '1721', '2025-08-25 00:00:00', '2025-08-25 00:00:00'),
(529, '1722', '2025-08-26 00:00:00', '2025-08-26 00:00:00'),
(530, '1723', '2025-08-27 00:00:00', '2025-08-27 00:00:00'),
(531, '1730', '2025-08-28 00:00:00', '2025-08-28 00:00:00'),
(532, '1712', '2025-08-29 00:00:00', '2025-08-29 00:00:00'),
(533, '1710', '2025-08-30 00:00:00', '2025-08-30 00:00:00'),
(534, '1711', '2025-08-31 00:00:00', '2025-08-31 00:00:00'),
(535, '1743', '2025-09-01 00:00:00', '2025-09-01 00:00:00'),
(536, '1747', '2025-09-02 00:00:00', '2025-09-02 00:00:00'),
(537, '1748', '2025-09-03 00:00:00', '2025-09-03 00:00:00'),
(538, '1745', '2025-09-04 00:00:00', '2025-09-04 00:00:00'),
(539, '1744', '2025-09-05 00:00:00', '2025-09-05 00:00:00'),
(540, '1740', '2025-09-06 00:00:00', '2025-09-06 00:00:00'),
(541, '1741', '2025-09-07 00:00:00', '2025-09-07 00:00:00'),
(542, '1742', '2025-09-08 00:00:00', '2025-09-08 00:00:00'),
(543, '8102', '2025-09-09 00:00:00', '2025-09-09 00:00:00'),
(544, '8013', '2025-09-10 00:00:00', '2025-09-10 00:00:00'),
(545, '8100', '2025-09-11 00:00:00', '2025-09-11 00:00:00'),
(546, '8101', '2025-09-12 00:00:00', '2025-09-12 00:00:00'),
(547, '8133', '2025-09-13 00:00:00', '2025-09-13 00:00:00'),
(548, '8130', '2025-09-14 00:00:00', '2025-09-14 00:00:00'),
(549, '8131', '2025-09-15 00:00:00', '2025-09-15 00:00:00'),
(550, '8132', '2025-09-16 00:00:00', '2025-09-16 00:00:00'),
(551, '8110', '2025-09-17 00:00:00', '2025-09-17 00:00:00'),
(552, '8141', '2025-09-18 00:00:00', '2025-09-18 00:00:00'),
(553, '8142', '2025-09-19 00:00:00', '2025-09-19 00:00:00'),
(554, '8140', '2025-09-20 00:00:00', '2025-09-20 00:00:00'),
(555, '8121', '2025-09-21 00:00:00', '2025-09-21 00:00:00'),
(556, '8120', '2025-09-22 00:00:00', '2025-09-22 00:00:00'),
(557, '2030', '2025-09-23 00:00:00', '2025-09-23 00:00:00'),
(558, '2031', '2025-09-24 00:00:00', '2025-09-24 00:00:00'),
(559, '2021', '2025-09-25 00:00:00', '2025-09-25 00:00:00'),
(560, '2022', '2025-09-26 00:00:00', '2025-09-26 00:00:00'),
(561, '2020', '2025-09-27 00:00:00', '2025-09-27 00:00:00'),
(562, '2000', '2025-09-28 00:00:00', '2025-09-28 00:00:00'),
(563, '2001', '2025-09-29 00:00:00', '2025-09-29 00:00:00'),
(564, '2002', '2025-09-30 00:00:00', '2025-09-30 00:00:00'),
(565, '2011', '2025-10-01 00:00:00', '2025-10-01 00:00:00'),
(566, '2013', '2025-10-02 00:00:00', '2025-10-02 00:00:00'),
(567, '2012', '2025-10-03 00:00:00', '2025-10-03 00:00:00'),
(568, '2010', '2025-10-04 00:00:00', '2025-10-04 00:00:00'),
(569, '2041', '2025-10-05 00:00:00', '2025-10-05 00:00:00'),
(570, '2040', '2025-10-06 00:00:00', '2025-10-06 00:00:00'),
(571, '2052', '2025-10-07 00:00:00', '2025-10-07 00:00:00'),
(572, '2051', '2025-10-08 00:00:00', '2025-10-08 00:00:00'),
(573, '2053', '2025-10-09 00:00:00', '2025-10-09 00:00:00'),
(574, '2055', '2025-10-10 00:00:00', '2025-10-10 00:00:00'),
(575, '2054', '2025-10-11 00:00:00', '2025-10-11 00:00:00'),
(576, '2050', '2025-10-12 00:00:00', '2025-10-12 00:00:00'),
(577, '2336', '2025-10-13 00:00:00', '2025-10-13 00:00:00'),
(578, '2338', '2025-10-14 00:00:00', '2025-10-14 00:00:00'),
(579, '2337', '2025-10-15 00:00:00', '2025-10-15 00:00:00'),
(580, '2350', '2025-10-16 00:00:00', '2025-10-16 00:00:00'),
(581, '2320', '2025-10-17 00:00:00', '2025-10-17 00:00:00'),
(582, '2390', '2025-10-18 00:00:00', '2025-10-18 00:00:00'),
(583, '2310', '2025-10-19 00:00:00', '2025-10-19 00:00:00'),
(584, '2331', '2025-10-20 00:00:00', '2025-10-20 00:00:00'),
(585, '2330', '2025-10-21 00:00:00', '2025-10-21 00:00:00'),
(586, '2301', '2025-10-22 00:00:00', '2025-10-22 00:00:00'),
(587, '2300', '2025-10-23 00:00:00', '2025-10-23 00:00:00'),
(588, '2302', '2025-10-24 00:00:00', '2025-10-24 00:00:00'),
(589, '2303', '2025-10-25 00:00:00', '2025-10-25 00:00:00'),
(590, '2341', '2025-10-26 00:00:00', '2025-10-26 00:00:00'),
(591, '2340', '2025-10-27 00:00:00', '2025-10-27 00:00:00'),
(592, '2371', '2025-10-28 00:00:00', '2025-10-28 00:00:00'),
(593, '2370', '2025-10-29 00:00:00', '2025-10-29 00:00:00'),
(594, '2360', '2025-10-30 00:00:00', '2025-10-30 00:00:00'),
(595, '2380', '2025-10-31 00:00:00', '2025-10-31 00:00:00'),
(596, '2326', '2025-11-01 00:00:00', '2025-11-01 00:00:00'),
(597, '2316', '2025-11-02 00:00:00', '2025-11-02 00:00:00'),
(598, '7932', '2025-11-03 00:00:00', '2025-11-03 00:00:00'),
(599, '7930', '2025-11-04 00:00:00', '2025-11-04 00:00:00'),
(600, '7931', '2025-11-05 00:00:00', '2025-11-05 00:00:00'),
(601, '7933', '2025-11-06 00:00:00', '2025-11-06 00:00:00'),
(602, '7920', '2025-11-07 00:00:00', '2025-11-07 00:00:00'),
(603, '7921', '2025-11-08 00:00:00', '2025-11-08 00:00:00'),
(604, '7901', '2025-11-09 00:00:00', '2025-11-09 00:00:00'),
(605, '7903', '2025-11-10 00:00:00', '2025-11-10 00:00:00'),
(606, '7902', '2025-11-11 00:00:00', '2025-11-11 00:00:00'),
(607, '7900', '2025-11-12 00:00:00', '2025-11-12 00:00:00'),
(608, '7904', '2025-11-13 00:00:00', '2025-11-13 00:00:00'),
(609, '7911', '2025-11-14 00:00:00', '2025-11-14 00:00:00'),
(610, '7910', '2025-11-15 00:00:00', '2025-11-15 00:00:00'),
(611, '1860', '2025-11-16 00:00:00', '2025-11-16 00:00:00'),
(612, '1840', '2025-11-17 00:00:00', '2025-11-17 00:00:00'),
(613, '1831', '2025-11-18 00:00:00', '2025-11-18 00:00:00'),
(614, '1830', '2025-11-19 00:00:00', '2025-11-19 00:00:00'),
(615, '1804', '2025-11-20 00:00:00', '2025-11-20 00:00:00'),
(616, '1802', '2025-11-21 00:00:00', '2025-11-21 00:00:00'),
(617, '1803', '2025-11-22 00:00:00', '2025-11-22 00:00:00'),
(618, '1801', '2025-11-23 00:00:00', '2025-11-23 00:00:00'),
(619, '1800', '2025-11-24 00:00:00', '2025-11-24 00:00:00'),
(620, '1811', '2025-11-25 00:00:00', '2025-11-25 00:00:00'),
(621, '1810', '2025-11-26 00:00:00', '2025-11-26 00:00:00'),
(622, '1851', '2025-11-27 00:00:00', '2025-11-27 00:00:00'),
(623, '1850', '2025-11-28 00:00:00', '2025-11-28 00:00:00'),
(624, '1852', '2025-11-29 00:00:00', '2025-11-29 00:00:00'),
(625, '1853', '2025-11-30 00:00:00', '2025-11-30 00:00:00'),
(626, '1821', '2025-12-01 00:00:00', '2025-12-01 00:00:00'),
(627, '1822', '2025-12-02 00:00:00', '2025-12-02 00:00:00'),
(628, '1820', '2025-12-03 00:00:00', '2025-12-03 00:00:00'),
(629, '1510', '2025-12-04 00:00:00', '2025-12-04 00:00:00'),
(630, '1511', '2025-12-05 00:00:00', '2025-12-05 00:00:00'),
(631, '1512', '2025-12-06 00:00:00', '2025-12-06 00:00:00'),
(632, '1334', '2025-12-07 00:00:00', '2025-12-07 00:00:00'),
(633, '1534', '2025-12-08 00:00:00', '2025-12-08 00:00:00'),
(634, '1532', '2025-12-09 00:00:00', '2025-12-09 00:00:00'),
(635, '1333', '2025-12-10 00:00:00', '2025-12-10 00:00:00'),
(636, '1533', '2025-12-11 00:00:00', '2025-12-11 00:00:00'),
(637, '1531', '2025-12-12 00:00:00', '2025-12-12 00:00:00'),
(638, '1530', '2025-12-13 00:00:00', '2025-12-13 00:00:00'),
(639, '1335', '2025-12-14 00:00:00', '2025-12-14 00:00:00'),
(640, '1535', '2025-12-15 00:00:00', '2025-12-15 00:00:00'),
(641, '1503', '2025-12-16 00:00:00', '2025-12-16 00:00:00'),
(642, '1502', '2025-12-17 00:00:00', '2025-12-17 00:00:00'),
(643, '1500', '2025-12-18 00:00:00', '2025-12-18 00:00:00'),
(644, '1501', '2025-12-19 00:00:00', '2025-12-19 00:00:00'),
(645, '1542', '2025-12-20 00:00:00', '2025-12-20 00:00:00'),
(646, '1541', '2025-12-21 00:00:00', '2025-12-21 00:00:00'),
(647, '1543', '2025-12-22 00:00:00', '2025-12-22 00:00:00'),
(648, '1544', '2025-12-23 00:00:00', '2025-12-23 00:00:00'),
(649, '1540', '2025-12-24 00:00:00', '2025-12-24 00:00:00'),
(650, '1557', '2025-12-25 00:00:00', '2025-12-25 00:00:00'),
(651, '1551', '2025-12-26 00:00:00', '2025-12-26 00:00:00'),
(652, '1558', '2025-12-27 00:00:00', '2025-12-27 00:00:00'),
(653, '1553', '2025-12-28 00:00:00', '2025-12-28 00:00:00'),
(654, '1554', '2025-12-29 00:00:00', '2025-12-29 00:00:00'),
(655, '1555', '2025-12-30 00:00:00', '2025-12-30 00:00:00'),
(656, '1552', '2025-12-31 00:00:00', '2025-12-31 00:00:00'),
(657, '1550', '2026-01-01 00:00:00', '2026-01-01 00:00:00'),
(658, '1556', '2026-01-02 00:00:00', '2026-01-02 00:00:00'),
(659, '1523', '2026-01-03 00:00:00', '2026-01-03 00:00:00'),
(660, '1522', '2026-01-04 00:00:00', '2026-01-04 00:00:00'),
(661, '1521', '2026-01-05 00:00:00', '2026-01-05 00:00:00'),
(662, '1525', '2026-01-06 00:00:00', '2026-01-06 00:00:00'),
(663, '1524', '2026-01-07 00:00:00', '2026-01-07 00:00:00'),
(664, '1527', '2026-01-08 00:00:00', '2026-01-08 00:00:00'),
(665, '1526', '2026-01-09 00:00:00', '2026-01-09 00:00:00'),
(666, '1520', '2026-01-10 00:00:00', '2026-01-10 00:00:00'),
(667, '2240', '2026-01-11 00:00:00', '2026-01-11 00:00:00'),
(668, '2216', '2026-01-12 00:00:00', '2026-01-12 00:00:00'),
(669, '2234', '2026-01-13 00:00:00', '2026-01-13 00:00:00'),
(670, '2230', '2026-01-14 00:00:00', '2026-01-14 00:00:00'),
(671, '2233', '2026-01-15 00:00:00', '2026-01-15 00:00:00'),
(672, '2231', '2026-01-16 00:00:00', '2026-01-16 00:00:00'),
(673, '2232', '2026-01-17 00:00:00', '2026-01-17 00:00:00'),
(674, '2270', '2026-01-18 00:00:00', '2026-01-18 00:00:00'),
(675, '2271', '2026-01-19 00:00:00', '2026-01-19 00:00:00'),
(676, '2261', '2026-01-20 00:00:00', '2026-01-20 00:00:00'),
(677, '2260', '2026-01-21 00:00:00', '2026-01-21 00:00:00'),
(678, '2262', '2026-01-22 00:00:00', '2026-01-22 00:00:00'),
(679, '2282', '2026-01-23 00:00:00', '2026-01-23 00:00:00'),
(680, '2280', '2026-01-24 00:00:00', '2026-01-24 00:00:00'),
(681, '2281', '2026-01-25 00:00:00', '2026-01-25 00:00:00'),
(682, '2210', '2026-01-26 00:00:00', '2026-01-26 00:00:00'),
(683, '2202', '2026-01-27 00:00:00', '2026-01-27 00:00:00'),
(684, '2204', '2026-01-28 00:00:00', '2026-01-28 00:00:00'),
(685, '2201', '2026-01-29 00:00:00', '2026-01-29 00:00:00'),
(686, '2200', '2026-01-30 00:00:00', '2026-01-30 00:00:00'),
(687, '2205', '2026-01-31 00:00:00', '2026-01-31 00:00:00'),
(688, '2203', '2026-02-01 00:00:00', '2026-02-01 00:00:00'),
(689, '2291', '2026-02-02 00:00:00', '2026-02-02 00:00:00'),
(690, '2290', '2026-02-03 00:00:00', '2026-02-03 00:00:00'),
(691, '2251', '2026-02-04 00:00:00', '2026-02-04 00:00:00'),
(692, '2250', '2026-02-05 00:00:00', '2026-02-05 00:00:00'),
(693, '2252', '2026-02-06 00:00:00', '2026-02-06 00:00:00'),
(694, '2221', '2026-02-07 00:00:00', '2026-02-07 00:00:00'),
(695, '2223', '2026-02-08 00:00:00', '2026-02-08 00:00:00'),
(696, '2222', '2026-02-09 00:00:00', '2026-02-09 00:00:00'),
(697, '2220', '2026-02-10 00:00:00', '2026-02-10 00:00:00'),
(698, '1450', '2026-02-11 00:00:00', '2026-02-11 00:00:00'),
(699, '1451', '2026-02-12 00:00:00', '2026-02-12 00:00:00'),
(700, '1440', '2026-02-13 00:00:00', '2026-02-13 00:00:00'),
(701, '1441', '2026-02-14 00:00:00', '2026-02-14 00:00:00'),
(702, '1442', '2026-02-15 00:00:00', '2026-02-15 00:00:00'),
(703, '1410', '2026-02-16 00:00:00', '2026-02-16 00:00:00'),
(704, '1413', '2026-02-17 00:00:00', '2026-02-17 00:00:00'),
(705, '1411', '2026-02-18 00:00:00', '2026-02-18 00:00:00'),
(706, '1414', '2026-02-19 00:00:00', '2026-02-19 00:00:00'),
(707, '1412', '2026-02-20 00:00:00', '2026-02-20 00:00:00'),
(708, '1421', '2026-02-21 00:00:00', '2026-02-21 00:00:00'),
(709, '1420', '2026-02-22 00:00:00', '2026-02-22 00:00:00'),
(710, '1400', '2026-02-23 00:00:00', '2026-02-23 00:00:00'),
(711, '1462', '2026-02-24 00:00:00', '2026-02-24 00:00:00'),
(712, '1461', '2026-02-25 00:00:00', '2026-02-25 00:00:00'),
(713, '1464', '2026-02-26 00:00:00', '2026-02-26 00:00:00'),
(714, '1463', '2026-02-27 00:00:00', '2026-02-27 00:00:00'),
(715, '1460', '2026-02-28 00:00:00', '2026-02-28 00:00:00'),
(716, '1431', '2026-03-01 00:00:00', '2026-03-01 00:00:00'),
(717, '1432', '2026-03-02 00:00:00', '2026-03-02 00:00:00'),
(718, '1430', '2026-03-03 00:00:00', '2026-03-03 00:00:00'),
(719, '1640', '2026-03-04 00:00:00', '2026-03-04 00:00:00'),
(720, '1651', '2026-03-05 00:00:00', '2026-03-05 00:00:00'),
(721, '1652', '2026-03-06 00:00:00', '2026-03-06 00:00:00'),
(722, '1650', '2026-03-07 00:00:00', '2026-03-07 00:00:00'),
(723, '1605', '2026-03-08 00:00:00', '2026-03-08 00:00:00'),
(724, '1604', '2026-03-09 00:00:00', '2026-03-09 00:00:00'),
(725, '1602', '2026-03-10 00:00:00', '2026-03-10 00:00:00'),
(726, '1600', '2026-03-11 00:00:00', '2026-03-11 00:00:00'),
(727, '1603', '2026-03-12 00:00:00', '2026-03-12 00:00:00'),
(728, '1601', '2026-03-13 00:00:00', '2026-03-13 00:00:00'),
(729, '1612', '2026-03-14 00:00:00', '2026-03-14 00:00:00'),
(730, '1613', '2026-03-15 00:00:00', '2026-03-15 00:00:00'),
(731, '1611', '2026-03-16 00:00:00', '2026-03-16 00:00:00'),
(732, '1610', '2026-03-17 00:00:00', '2026-03-17 00:00:00'),
(733, '1631', '2026-03-18 00:00:00', '2026-03-18 00:00:00'),
(734, '1632', '2026-03-19 00:00:00', '2026-03-19 00:00:00'),
(735, '1630', '2026-03-20 00:00:00', '2026-03-20 00:00:00'),
(736, '1620', '2026-03-21 00:00:00', '2026-03-21 00:00:00'),
(737, '2420', '2026-03-22 00:00:00', '2026-03-22 00:00:00'),
(738, '2470', '2026-03-23 00:00:00', '2026-03-23 00:00:00'),
(739, '2440', '2026-03-24 00:00:00', '2026-03-24 00:00:00'),
(740, '2450', '2026-03-25 00:00:00', '2026-03-25 00:00:00'),
(741, '2416', '2026-03-26 00:00:00', '2026-03-26 00:00:00'),
(742, '2417', '2026-03-27 00:00:00', '2026-03-27 00:00:00'),
(743, '2430', '2026-03-28 00:00:00', '2026-03-28 00:00:00'),
(744, '2480', '2026-03-29 00:00:00', '2026-03-29 00:00:00'),
(745, '2460', '2026-03-30 00:00:00', '2026-03-30 00:00:00'),
(746, '2462', '2026-03-31 00:00:00', '2026-03-31 00:00:00'),
(747, '2490', '2026-04-01 00:00:00', '2026-04-01 00:00:00'),
(748, '2456', '2026-04-02 00:00:00', '2026-04-02 00:00:00'),
(749, '2446', '2026-04-03 00:00:00', '2026-04-03 00:00:00'),
(750, '2401', '2026-04-04 00:00:00', '2026-04-04 00:00:00'),
(751, '2400', '2026-04-05 00:00:00', '2026-04-05 00:00:00'),
(752, '2412', '2026-04-06 00:00:00', '2026-04-06 00:00:00'),
(753, '2410', '2026-04-07 00:00:00', '2026-04-07 00:00:00'),
(754, '2411', '2026-04-08 00:00:00', '2026-04-08 00:00:00'),
(755, '7730', '2026-04-09 00:00:00', '2026-04-09 00:00:00'),
(756, '7731', '2026-04-10 00:00:00', '2026-04-10 00:00:00'),
(757, '7723', '2026-04-11 00:00:00', '2026-04-11 00:00:00'),
(758, '7720', '2026-04-12 00:00:00', '2026-04-12 00:00:00'),
(759, '7721', '2026-04-13 00:00:00', '2026-04-13 00:00:00'),
(760, '7722', '2026-04-14 00:00:00', '2026-04-14 00:00:00'),
(761, '7710', '2026-04-15 00:00:00', '2026-04-15 00:00:00'),
(762, '7711', '2026-04-16 00:00:00', '2026-04-16 00:00:00'),
(763, '7700', '2026-04-17 00:00:00', '2026-04-17 00:00:00'),
(764, '8030', '2026-04-18 00:00:00', '2026-04-18 00:00:00'),
(765, '8040', '2026-04-19 00:00:00', '2026-04-19 00:00:00'),
(766, '8050', '2026-04-20 00:00:00', '2026-04-20 00:00:00'),
(767, '8010', '2026-04-21 00:00:00', '2026-04-21 00:00:00'),
(768, '8021', '2026-04-22 00:00:00', '2026-04-22 00:00:00'),
(769, '8022', '2026-04-23 00:00:00', '2026-04-23 00:00:00'),
(770, '8024', '2026-04-24 00:00:00', '2026-04-24 00:00:00'),
(771, '8020', '2026-04-25 00:00:00', '2026-04-25 00:00:00'),
(772, '8023', '2026-04-26 00:00:00', '2026-04-26 00:00:00'),
(773, '8001', '2026-04-27 00:00:00', '2026-04-27 00:00:00'),
(774, '8002', '2026-04-28 00:00:00', '2026-04-28 00:00:00'),
(775, '8000', '2026-04-29 00:00:00', '2026-04-29 00:00:00'),
(776, '2140', '2026-04-30 00:00:00', '2026-04-30 00:00:00'),
(777, '2120', '2026-05-01 00:00:00', '2026-05-01 00:00:00'),
(778, '2151', '2026-05-02 00:00:00', '2026-05-02 00:00:00'),
(779, '2150', '2026-05-03 00:00:00', '2026-05-03 00:00:00'),
(780, '2111', '2026-05-04 00:00:00', '2026-05-04 00:00:00'),
(781, '2110', '2026-05-05 00:00:00', '2026-05-05 00:00:00'),
(782, '2100', '2026-05-06 00:00:00', '2026-05-06 00:00:00'),
(783, '2130', '2026-05-07 00:00:00', '2026-05-07 00:00:00'),
(784, '1920', '2026-05-08 00:00:00', '2026-05-08 00:00:00'),
(785, '1960', '2026-05-09 00:00:00', '2026-05-09 00:00:00'),
(786, '1910', '2026-05-10 00:00:00', '2026-05-10 00:00:00'),
(787, '1913', '2026-05-11 00:00:00', '2026-05-11 00:00:00'),
(788, '1914', '2026-05-12 00:00:00', '2026-05-12 00:00:00'),
(789, '1911', '2026-05-13 00:00:00', '2026-05-13 00:00:00'),
(790, '1915', '2026-05-14 00:00:00', '2026-05-14 00:00:00'),
(791, '1912', '2026-05-15 00:00:00', '2026-05-15 00:00:00'),
(792, '1982', '2026-05-16 00:00:00', '2026-05-16 00:00:00'),
(793, '1983', '2026-05-17 00:00:00', '2026-05-17 00:00:00'),
(794, '1980', '2026-05-18 00:00:00', '2026-05-18 00:00:00'),
(795, '1984', '2026-05-19 00:00:00', '2026-05-19 00:00:00'),
(796, '1981', '2026-05-20 00:00:00', '2026-05-20 00:00:00'),
(797, '1990', '2026-05-21 00:00:00', '2026-05-21 00:00:00'),
(798, '1992', '2026-05-22 00:00:00', '2026-05-22 00:00:00'),
(799, '1991', '2026-05-23 00:00:00', '2026-05-23 00:00:00'),
(800, '1973', '2026-05-24 00:00:00', '2026-05-24 00:00:00'),
(801, '1974', '2026-05-25 00:00:00', '2026-05-25 00:00:00'),
(802, '1970', '2026-05-26 00:00:00', '2026-05-26 00:00:00'),
(803, '1977', '2026-05-27 00:00:00', '2026-05-27 00:00:00'),
(804, '1976', '2026-05-28 00:00:00', '2026-05-28 00:00:00'),
(805, '1972', '2026-05-29 00:00:00', '2026-05-29 00:00:00'),
(806, '1975', '2026-05-30 00:00:00', '2026-05-30 00:00:00'),
(807, '1971', '2026-05-31 00:00:00', '2026-05-31 00:00:00'),
(808, '1930', '2026-06-01 00:00:00', '2026-06-01 00:00:00'),
(809, '1997', '2026-06-02 00:00:00', '2026-06-02 00:00:00'),
(810, '1996', '2026-06-03 00:00:00', '2026-06-03 00:00:00'),
(811, '1941', '2026-06-04 00:00:00', '2026-06-04 00:00:00'),
(812, '1944', '2026-06-05 00:00:00', '2026-06-05 00:00:00'),
(813, '1942', '2026-06-06 00:00:00', '2026-06-06 00:00:00'),
(814, '1940', '2026-06-07 00:00:00', '2026-06-07 00:00:00'),
(815, '1945', '2026-06-08 00:00:00', '2026-06-08 00:00:00'),
(816, '1943', '2026-06-09 00:00:00', '2026-06-09 00:00:00'),
(817, '1937', '2026-06-10 00:00:00', '2026-06-10 00:00:00'),
(818, '1936', '2026-06-11 00:00:00', '2026-06-11 00:00:00'),
(819, '1938', '2026-06-12 00:00:00', '2026-06-12 00:00:00'),
(820, '1951', '2026-06-13 00:00:00', '2026-06-13 00:00:00'),
(821, '1950', '2026-06-14 00:00:00', '2026-06-14 00:00:00'),
(822, '1901', '2026-06-15 00:00:00', '2026-06-15 00:00:00'),
(823, '1903', '2026-06-16 00:00:00', '2026-06-16 00:00:00'),
(824, '1904', '2026-06-17 00:00:00', '2026-06-17 00:00:00'),
(825, '1902', '2026-06-18 00:00:00', '2026-06-18 00:00:00'),
(826, '1900', '2026-06-19 00:00:00', '2026-06-19 00:00:00'),
(827, '9300', '2026-06-20 00:00:00', '2026-06-20 00:00:00'),
(828, '9301', '2026-06-21 00:00:00', '2026-06-21 00:00:00'),
(829, '9302', '2026-06-22 00:00:00', '2026-06-22 00:00:00'),
(830, '9350', '2026-06-23 00:00:00', '2026-06-23 00:00:00'),
(831, '9351', '2026-06-24 00:00:00', '2026-06-24 00:00:00'),
(832, '9361', '2026-06-25 00:00:00', '2026-06-25 00:00:00'),
(833, '9360', '2026-06-26 00:00:00', '2026-06-26 00:00:00'),
(834, '9372', '2026-06-27 00:00:00', '2026-06-27 00:00:00'),
(835, '9370', '2026-06-28 00:00:00', '2026-06-28 00:00:00'),
(836, '9371', '2026-06-29 00:00:00', '2026-06-29 00:00:00'),
(837, '9310', '2026-06-30 00:00:00', '2026-06-30 00:00:00'),
(838, '9311', '2026-07-01 00:00:00', '2026-07-01 00:00:00'),
(839, '9383', '2026-07-02 00:00:00', '2026-07-02 00:00:00'),
(840, '9382', '2026-07-03 00:00:00', '2026-07-03 00:00:00'),
(841, '9381', '2026-07-04 00:00:00', '2026-07-04 00:00:00'),
(842, '9380', '2026-07-05 00:00:00', '2026-07-05 00:00:00'),
(843, '9384', '2026-07-06 00:00:00', '2026-07-06 00:00:00'),
(844, '9385', '2026-07-07 00:00:00', '2026-07-07 00:00:00'),
(845, '9320', '2026-07-08 00:00:00', '2026-07-08 00:00:00'),
(846, '9321', '2026-07-09 00:00:00', '2026-07-09 00:00:00'),
(847, '9322', '2026-07-10 00:00:00', '2026-07-10 00:00:00');
INSERT INTO `prepaid_pincodes` (`id`, `pincode`, `created_at`, `updated_at`) VALUES
(848, '9341', '2026-07-11 00:00:00', '2026-07-11 00:00:00'),
(849, '9343', '2026-07-12 00:00:00', '2026-07-12 00:00:00'),
(850, '9340', '2026-07-13 00:00:00', '2026-07-13 00:00:00'),
(851, '9342', '2026-07-14 00:00:00', '2026-07-14 00:00:00'),
(852, '9330', '2026-07-15 00:00:00', '2026-07-15 00:00:00'),
(853, '7210', '2026-07-16 00:00:00', '2026-07-16 00:00:00'),
(854, '7211', '2026-07-17 00:00:00', '2026-07-17 00:00:00'),
(855, '7200', '2026-07-18 00:00:00', '2026-07-18 00:00:00'),
(856, '7201', '2026-07-19 00:00:00', '2026-07-19 00:00:00'),
(857, '7222', '2026-07-20 00:00:00', '2026-07-20 00:00:00'),
(858, '7220', '2026-07-21 00:00:00', '2026-07-21 00:00:00'),
(859, '7221', '2026-07-22 00:00:00', '2026-07-22 00:00:00'),
(860, '7230', '2026-07-23 00:00:00', '2026-07-23 00:00:00'),
(861, '7470', '2026-07-24 00:00:00', '2026-07-24 00:00:00'),
(862, '7471', '2026-07-25 00:00:00', '2026-07-25 00:00:00'),
(863, '7410', '2026-07-26 00:00:00', '2026-07-26 00:00:00'),
(864, '7406', '2026-07-27 00:00:00', '2026-07-27 00:00:00'),
(865, '7402', '2026-07-28 00:00:00', '2026-07-28 00:00:00'),
(866, '7407', '2026-07-29 00:00:00', '2026-07-29 00:00:00'),
(867, '7404', '2026-07-30 00:00:00', '2026-07-30 00:00:00'),
(868, '7403', '2026-07-31 00:00:00', '2026-07-31 00:00:00'),
(869, '7400', '2026-08-01 00:00:00', '2026-08-01 00:00:00'),
(870, '7401', '2026-08-02 00:00:00', '2026-08-02 00:00:00'),
(871, '7405', '2026-08-03 00:00:00', '2026-08-03 00:00:00'),
(872, '7420', '2026-08-04 00:00:00', '2026-08-04 00:00:00'),
(873, '7450', '2026-08-05 00:00:00', '2026-08-05 00:00:00'),
(874, '7440', '2026-08-06 00:00:00', '2026-08-06 00:00:00'),
(875, '7462', '2026-08-07 00:00:00', '2026-08-07 00:00:00'),
(876, '7460', '2026-08-08 00:00:00', '2026-08-08 00:00:00'),
(877, '7461', '2026-08-09 00:00:00', '2026-08-09 00:00:00'),
(878, '7433', '2026-08-10 00:00:00', '2026-08-10 00:00:00'),
(879, '7431', '2026-08-11 00:00:00', '2026-08-11 00:00:00'),
(880, '7432', '2026-08-12 00:00:00', '2026-08-12 00:00:00'),
(881, '7430', '2026-08-13 00:00:00', '2026-08-13 00:00:00'),
(882, '7310', '2026-08-14 00:00:00', '2026-08-14 00:00:00'),
(883, '7301', '2026-08-15 00:00:00', '2026-08-15 00:00:00'),
(884, '7300', '2026-08-16 00:00:00', '2026-08-16 00:00:00'),
(885, '7330', '2026-08-17 00:00:00', '2026-08-17 00:00:00'),
(886, '7340', '2026-08-18 00:00:00', '2026-08-18 00:00:00'),
(887, '7351', '2026-08-19 00:00:00', '2026-08-19 00:00:00'),
(888, '7350', '2026-08-20 00:00:00', '2026-08-20 00:00:00'),
(889, '7321', '2026-08-21 00:00:00', '2026-08-21 00:00:00'),
(890, '7320', '2026-08-22 00:00:00', '2026-08-22 00:00:00'),
(891, '9240', '2026-08-23 00:00:00', '2026-08-23 00:00:00'),
(892, '9242', '2026-08-24 00:00:00', '2026-08-24 00:00:00'),
(893, '9241', '2026-08-25 00:00:00', '2026-08-25 00:00:00'),
(894, '9260', '2026-08-26 00:00:00', '2026-08-26 00:00:00'),
(895, '9261', '2026-08-27 00:00:00', '2026-08-27 00:00:00'),
(896, '9272', '2026-08-28 00:00:00', '2026-08-28 00:00:00'),
(897, '9270', '2026-08-29 00:00:00', '2026-08-29 00:00:00'),
(898, '9271', '2026-08-30 00:00:00', '2026-08-30 00:00:00'),
(899, '9273', '2026-08-31 00:00:00', '2026-08-31 00:00:00'),
(900, '9221', '2026-09-01 00:00:00', '2026-09-01 00:00:00'),
(901, '9220', '2026-09-02 00:00:00', '2026-09-02 00:00:00'),
(902, '9224', '2026-09-03 00:00:00', '2026-09-03 00:00:00'),
(903, '9223', '2026-09-04 00:00:00', '2026-09-04 00:00:00'),
(904, '9222', '2026-09-05 00:00:00', '2026-09-05 00:00:00'),
(905, '9207', '2026-09-06 00:00:00', '2026-09-06 00:00:00'),
(906, '9203', '2026-09-07 00:00:00', '2026-09-07 00:00:00'),
(907, '9202', '2026-09-08 00:00:00', '2026-09-08 00:00:00'),
(908, '9205', '2026-09-09 00:00:00', '2026-09-09 00:00:00'),
(909, '9100', '2026-09-10 00:00:00', '2026-09-10 00:00:00'),
(910, '9000', '2026-09-11 00:00:00', '2026-09-11 00:00:00'),
(911, '9201', '2026-09-12 00:00:00', '2026-09-12 00:00:00'),
(912, '9208', '2026-09-13 00:00:00', '2026-09-13 00:00:00'),
(913, '9204', '2026-09-14 00:00:00', '2026-09-14 00:00:00'),
(914, '9206', '2026-09-15 00:00:00', '2026-09-15 00:00:00'),
(915, '9291', '2026-09-16 00:00:00', '2026-09-16 00:00:00'),
(916, '9290', '2026-09-17 00:00:00', '2026-09-17 00:00:00'),
(917, '9284', '2026-09-18 00:00:00', '2026-09-18 00:00:00'),
(918, '9285', '2026-09-19 00:00:00', '2026-09-19 00:00:00'),
(919, '9281', '2026-09-20 00:00:00', '2026-09-20 00:00:00'),
(920, '9282', '2026-09-21 00:00:00', '2026-09-21 00:00:00'),
(921, '9283', '2026-09-22 00:00:00', '2026-09-22 00:00:00'),
(922, '9280', '2026-09-23 00:00:00', '2026-09-23 00:00:00'),
(923, '9210', '2026-09-24 00:00:00', '2026-09-24 00:00:00'),
(924, '9252', '2026-09-25 00:00:00', '2026-09-25 00:00:00'),
(925, '9251', '2026-09-26 00:00:00', '2026-09-26 00:00:00'),
(926, '9250', '2026-09-27 00:00:00', '2026-09-27 00:00:00'),
(927, '9253', '2026-09-28 00:00:00', '2026-09-28 00:00:00'),
(928, '9231', '2026-09-29 00:00:00', '2026-09-29 00:00:00'),
(929, '9230', '2026-09-30 00:00:00', '2026-09-30 00:00:00'),
(930, '7042', '2026-10-01 00:00:00', '2026-10-01 00:00:00'),
(931, '7040', '2026-10-02 00:00:00', '2026-10-02 00:00:00'),
(932, '7041', '2026-10-03 00:00:00', '2026-10-03 00:00:00'),
(933, '7020', '2026-10-04 00:00:00', '2026-10-04 00:00:00'),
(934, '7021', '2026-10-05 00:00:00', '2026-10-05 00:00:00'),
(935, '7010', '2026-10-06 00:00:00', '2026-10-06 00:00:00'),
(936, '7011', '2026-10-07 00:00:00', '2026-10-07 00:00:00'),
(937, '7003', '2026-10-08 00:00:00', '2026-10-08 00:00:00'),
(938, '7002', '2026-10-09 00:00:00', '2026-10-09 00:00:00'),
(939, '7001', '2026-10-10 00:00:00', '2026-10-10 00:00:00'),
(940, '7000', '2026-10-11 00:00:00', '2026-10-11 00:00:00'),
(941, '7032', '2026-10-12 00:00:00', '2026-10-12 00:00:00'),
(942, '7030', '2026-10-13 00:00:00', '2026-10-13 00:00:00'),
(943, '7031', '2026-10-14 00:00:00', '2026-10-14 00:00:00'),
(944, '7052', '2026-10-15 00:00:00', '2026-10-15 00:00:00'),
(945, '7050', '2026-10-16 00:00:00', '2026-10-16 00:00:00'),
(946, '7051', '2026-10-17 00:00:00', '2026-10-17 00:00:00'),
(947, '7620', '2026-10-18 00:00:00', '2026-10-18 00:00:00'),
(948, '7600', '2026-10-19 00:00:00', '2026-10-19 00:00:00'),
(949, '7631', '2026-10-20 00:00:00', '2026-10-20 00:00:00'),
(950, '7630', '2026-10-21 00:00:00', '2026-10-21 00:00:00'),
(951, '7632', '2026-10-22 00:00:00', '2026-10-22 00:00:00'),
(952, '7611', '2026-10-23 00:00:00', '2026-10-23 00:00:00'),
(953, '7612', '2026-10-24 00:00:00', '2026-10-24 00:00:00'),
(954, '7610', '2026-10-25 00:00:00', '2026-10-25 00:00:00'),
(955, '7110', '2026-10-26 00:00:00', '2026-10-26 00:00:00'),
(956, '7101', '2026-10-27 00:00:00', '2026-10-27 00:00:00'),
(957, '7152', '2026-10-28 00:00:00', '2026-10-28 00:00:00'),
(958, '7100', '2026-10-29 00:00:00', '2026-10-29 00:00:00'),
(959, '7102', '2026-10-30 00:00:00', '2026-10-30 00:00:00'),
(960, '7520', '2026-10-31 00:00:00', '2026-10-31 00:00:00'),
(961, '7514', '2026-11-01 00:00:00', '2026-11-01 00:00:00'),
(962, '7512', '2026-11-02 00:00:00', '2026-11-02 00:00:00'),
(963, '7510', '2026-11-03 00:00:00', '2026-11-03 00:00:00'),
(964, '7511', '2026-11-04 00:00:00', '2026-11-04 00:00:00'),
(965, '7513', '2026-11-05 00:00:00', '2026-11-05 00:00:00'),
(966, '7521', '2026-11-06 00:00:00', '2026-11-06 00:00:00'),
(967, '7500', '2026-11-07 00:00:00', '2026-11-07 00:00:00'),
(968, '7501', '2026-11-08 00:00:00', '2026-11-08 00:00:00'),
(969, '9460', '2026-11-09 00:00:00', '2026-11-09 00:00:00'),
(970, '9461', '2026-11-10 00:00:00', '2026-11-10 00:00:00'),
(971, '9430', '2026-11-11 00:00:00', '2026-11-11 00:00:00'),
(972, '9431', '2026-11-12 00:00:00', '2026-11-12 00:00:00'),
(973, '9415', '2026-11-13 00:00:00', '2026-11-13 00:00:00'),
(974, '9413', '2026-11-14 00:00:00', '2026-11-14 00:00:00'),
(975, '9412', '2026-11-15 00:00:00', '2026-11-15 00:00:00'),
(976, '9410', '2026-11-16 00:00:00', '2026-11-16 00:00:00'),
(977, '9414', '2026-11-17 00:00:00', '2026-11-17 00:00:00'),
(978, '9411', '2026-11-18 00:00:00', '2026-11-18 00:00:00'),
(979, '9440', '2026-11-19 00:00:00', '2026-11-19 00:00:00'),
(980, '9441', '2026-11-20 00:00:00', '2026-11-20 00:00:00'),
(981, '9442', '2026-11-21 00:00:00', '2026-11-21 00:00:00'),
(982, '9453', '2026-11-22 00:00:00', '2026-11-22 00:00:00'),
(983, '9454', '2026-11-23 00:00:00', '2026-11-23 00:00:00'),
(984, '9455', '2026-11-24 00:00:00', '2026-11-24 00:00:00'),
(985, '9450', '2026-11-25 00:00:00', '2026-11-25 00:00:00'),
(986, '9452', '2026-11-26 00:00:00', '2026-11-26 00:00:00'),
(987, '9451', '2026-11-27 00:00:00', '2026-11-27 00:00:00'),
(988, '9403', '2026-11-28 00:00:00', '2026-11-28 00:00:00'),
(989, '9402', '2026-11-29 00:00:00', '2026-11-29 00:00:00'),
(990, '9401', '2026-11-30 00:00:00', '2026-11-30 00:00:00'),
(991, '9400', '2026-12-01 00:00:00', '2026-12-01 00:00:00'),
(992, '9421', '2026-12-02 00:00:00', '2026-12-02 00:00:00'),
(993, '9420', '2026-12-03 00:00:00', '2026-12-03 00:00:00'),
(994, '5890', '2026-12-04 00:00:00', '2026-12-04 00:00:00'),
(995, '5892', '2026-12-05 00:00:00', '2026-12-05 00:00:00'),
(996, '5891', '2026-12-06 00:00:00', '2026-12-06 00:00:00'),
(997, '5801', '2026-12-07 00:00:00', '2026-12-07 00:00:00'),
(998, '5800', '2026-12-08 00:00:00', '2026-12-08 00:00:00'),
(999, '5850', '2026-12-09 00:00:00', '2026-12-09 00:00:00'),
(1000, '5851', '2026-12-10 00:00:00', '2026-12-10 00:00:00'),
(1001, '5880', '2026-12-11 00:00:00', '2026-12-11 00:00:00'),
(1002, '5881', '2026-12-12 00:00:00', '2026-12-12 00:00:00'),
(1003, '5820', '2026-12-13 00:00:00', '2026-12-13 00:00:00'),
(1004, '5821', '2026-12-14 00:00:00', '2026-12-14 00:00:00'),
(1005, '5870', '2026-12-15 00:00:00', '2026-12-15 00:00:00'),
(1006, '5860', '2026-12-16 00:00:00', '2026-12-16 00:00:00'),
(1007, '5831', '2026-12-17 00:00:00', '2026-12-17 00:00:00'),
(1008, '5830', '2026-12-18 00:00:00', '2026-12-18 00:00:00'),
(1009, '5841', '2026-12-19 00:00:00', '2026-12-19 00:00:00'),
(1010, '5842', '2026-12-20 00:00:00', '2026-12-20 00:00:00'),
(1011, '5840', '2026-12-21 00:00:00', '2026-12-21 00:00:00'),
(1012, '5810', '2026-12-22 00:00:00', '2026-12-22 00:00:00'),
(1013, '5826', '2026-12-23 00:00:00', '2026-12-23 00:00:00'),
(1014, '6330', '2026-12-24 00:00:00', '2026-12-24 00:00:00'),
(1015, '6303', '2026-12-25 00:00:00', '2026-12-25 00:00:00'),
(1016, '6300', '2026-12-26 00:00:00', '2026-12-26 00:00:00'),
(1017, '6301', '2026-12-27 00:00:00', '2026-12-27 00:00:00'),
(1018, '6302', '2026-12-28 00:00:00', '2026-12-28 00:00:00'),
(1019, '6311', '2026-12-29 00:00:00', '2026-12-29 00:00:00'),
(1020, '6310', '2026-12-30 00:00:00', '2026-12-30 00:00:00'),
(1021, '6321', '2026-12-31 00:00:00', '2026-12-31 00:00:00'),
(1022, '6320', '2027-01-01 00:00:00', '2027-01-01 00:00:00'),
(1023, '6341', '2027-01-02 00:00:00', '2027-01-02 00:00:00'),
(1024, '6342', '2027-01-03 00:00:00', '2027-01-03 00:00:00'),
(1025, '6340', '2027-01-04 00:00:00', '2027-01-04 00:00:00'),
(1026, '5940', '2027-01-05 00:00:00', '2027-01-05 00:00:00'),
(1027, '5941', '2027-01-06 00:00:00', '2027-01-06 00:00:00'),
(1028, '5942', '2027-01-07 00:00:00', '2027-01-07 00:00:00'),
(1029, '5900', '2027-01-08 00:00:00', '2027-01-08 00:00:00'),
(1030, '5930', '2027-01-09 00:00:00', '2027-01-09 00:00:00'),
(1031, '5920', '2027-01-10 00:00:00', '2027-01-10 00:00:00'),
(1032, '5910', '2027-01-11 00:00:00', '2027-01-11 00:00:00'),
(1033, '6596', '2027-01-12 00:00:00', '2027-01-12 00:00:00'),
(1034, '6597', '2027-01-13 00:00:00', '2027-01-13 00:00:00'),
(1035, '6570', '2027-01-14 00:00:00', '2027-01-14 00:00:00'),
(1036, '6580', '2027-01-15 00:00:00', '2027-01-15 00:00:00'),
(1037, '6530', '2027-01-16 00:00:00', '2027-01-16 00:00:00'),
(1038, '6500', '2027-01-17 00:00:00', '2027-01-17 00:00:00'),
(1039, '6520', '2027-01-18 00:00:00', '2027-01-18 00:00:00'),
(1040, '6550', '2027-01-19 00:00:00', '2027-01-19 00:00:00'),
(1041, '6552', '2027-01-20 00:00:00', '2027-01-20 00:00:00'),
(1042, '6551', '2027-01-21 00:00:00', '2027-01-21 00:00:00'),
(1043, '6540', '2027-01-22 00:00:00', '2027-01-22 00:00:00'),
(1044, '6512', '2027-01-23 00:00:00', '2027-01-23 00:00:00'),
(1045, '6511', '2027-01-24 00:00:00', '2027-01-24 00:00:00'),
(1046, '6510', '2027-01-25 00:00:00', '2027-01-25 00:00:00'),
(1047, '6591', '2027-01-26 00:00:00', '2027-01-26 00:00:00'),
(1048, '6590', '2027-01-27 00:00:00', '2027-01-27 00:00:00'),
(1049, '6561', '2027-01-28 00:00:00', '2027-01-28 00:00:00'),
(1050, '6560', '2027-01-29 00:00:00', '2027-01-29 00:00:00'),
(1051, '6422', '2027-01-30 00:00:00', '2027-01-30 00:00:00'),
(1052, '6420', '2027-01-31 00:00:00', '2027-01-31 00:00:00'),
(1053, '6421', '2027-02-01 00:00:00', '2027-02-01 00:00:00'),
(1054, '6432', '2027-02-02 00:00:00', '2027-02-02 00:00:00'),
(1055, '6431', '2027-02-03 00:00:00', '2027-02-03 00:00:00'),
(1056, '6430', '2027-02-04 00:00:00', '2027-02-04 00:00:00'),
(1057, '6440', '2027-02-05 00:00:00', '2027-02-05 00:00:00'),
(1058, '6410', '2027-02-06 00:00:00', '2027-02-06 00:00:00'),
(1059, '6402', '2027-02-07 00:00:00', '2027-02-07 00:00:00'),
(1060, '6401', '2027-02-08 00:00:00', '2027-02-08 00:00:00'),
(1061, '6403', '2027-02-09 00:00:00', '2027-02-09 00:00:00'),
(1062, '6400', '2027-02-10 00:00:00', '2027-02-10 00:00:00'),
(1063, '6450', '2027-02-11 00:00:00', '2027-02-11 00:00:00'),
(1064, '6650', '2027-02-12 00:00:00', '2027-02-12 00:00:00'),
(1065, '6680', '2027-02-13 00:00:00', '2027-02-13 00:00:00'),
(1066, '6682', '2027-02-14 00:00:00', '2027-02-14 00:00:00'),
(1067, '6681', '2027-02-15 00:00:00', '2027-02-15 00:00:00'),
(1068, '6683', '2027-02-16 00:00:00', '2027-02-16 00:00:00'),
(1069, '6640', '2027-02-17 00:00:00', '2027-02-17 00:00:00'),
(1070, '6630', '2027-02-18 00:00:00', '2027-02-18 00:00:00'),
(1071, '6610', '2027-02-19 00:00:00', '2027-02-19 00:00:00'),
(1072, '6621', '2027-02-20 00:00:00', '2027-02-20 00:00:00'),
(1073, '6620', '2027-02-21 00:00:00', '2027-02-21 00:00:00'),
(1074, '6622', '2027-02-22 00:00:00', '2027-02-22 00:00:00'),
(1075, '6623', '2027-02-23 00:00:00', '2027-02-23 00:00:00'),
(1076, '6602', '2027-02-24 00:00:00', '2027-02-24 00:00:00'),
(1077, '6601', '2027-02-25 00:00:00', '2027-02-25 00:00:00'),
(1078, '6600', '2027-02-26 00:00:00', '2027-02-26 00:00:00'),
(1079, '6670', '2027-02-27 00:00:00', '2027-02-27 00:00:00'),
(1080, '6661', '2027-02-28 00:00:00', '2027-02-28 00:00:00'),
(1081, '6660', '2027-03-01 00:00:00', '2027-03-01 00:00:00'),
(1082, '6281', '2027-03-02 00:00:00', '2027-03-02 00:00:00'),
(1083, '6280', '2027-03-03 00:00:00', '2027-03-03 00:00:00'),
(1084, '6250', '2027-03-04 00:00:00', '2027-03-04 00:00:00'),
(1085, '6251', '2027-03-05 00:00:00', '2027-03-05 00:00:00'),
(1086, '6270', '2027-03-06 00:00:00', '2027-03-06 00:00:00'),
(1087, '6271', '2027-03-07 00:00:00', '2027-03-07 00:00:00'),
(1088, '6240', '2027-03-08 00:00:00', '2027-03-08 00:00:00'),
(1089, '6290', '2027-03-09 00:00:00', '2027-03-09 00:00:00'),
(1090, '6291', '2027-03-10 00:00:00', '2027-03-10 00:00:00'),
(1091, '6220', '2027-03-11 00:00:00', '2027-03-11 00:00:00'),
(1092, '6210', '2027-03-12 00:00:00', '2027-03-12 00:00:00'),
(1093, '6211', '2027-03-13 00:00:00', '2027-03-13 00:00:00'),
(1094, '6212', '2027-03-14 00:00:00', '2027-03-14 00:00:00'),
(1095, '6260', '2027-03-15 00:00:00', '2027-03-15 00:00:00'),
(1096, '6206', '2027-03-16 00:00:00', '2027-03-16 00:00:00'),
(1097, '6100', '2027-03-17 00:00:00', '2027-03-17 00:00:00'),
(1098, '6204', '2027-03-18 00:00:00', '2027-03-18 00:00:00'),
(1099, '6202', '2027-03-19 00:00:00', '2027-03-19 00:00:00'),
(1100, '6201', '2027-03-20 00:00:00', '2027-03-20 00:00:00'),
(1101, '6000', '2027-03-21 00:00:00', '2027-03-21 00:00:00'),
(1102, '6205', '2027-03-22 00:00:00', '2027-03-22 00:00:00'),
(1103, '6203', '2027-03-23 00:00:00', '2027-03-23 00:00:00'),
(1104, '6230', '2027-03-24 00:00:00', '2027-03-24 00:00:00'),
(1105, '6730', '2027-03-25 00:00:00', '2027-03-25 00:00:00'),
(1106, '6740', '2027-03-26 00:00:00', '2027-03-26 00:00:00'),
(1107, '6751', '2027-03-27 00:00:00', '2027-03-27 00:00:00'),
(1108, '6742', '2027-03-28 00:00:00', '2027-03-28 00:00:00'),
(1109, '6741', '2027-03-29 00:00:00', '2027-03-29 00:00:00'),
(1110, '6752', '2027-03-30 00:00:00', '2027-03-30 00:00:00'),
(1111, '6720', '2027-03-31 00:00:00', '2027-03-31 00:00:00'),
(1112, '6721', '2027-04-01 00:00:00', '2027-04-01 00:00:00'),
(1113, '6712', '2027-04-02 00:00:00', '2027-04-02 00:00:00'),
(1114, '6710', '2027-04-03 00:00:00', '2027-04-03 00:00:00'),
(1115, '6711', '2027-04-04 00:00:00', '2027-04-04 00:00:00'),
(1116, '6772', '2027-04-05 00:00:00', '2027-04-05 00:00:00'),
(1117, '6773', '2027-04-06 00:00:00', '2027-04-06 00:00:00'),
(1118, '6771', '2027-04-07 00:00:00', '2027-04-07 00:00:00'),
(1119, '6770', '2027-04-08 00:00:00', '2027-04-08 00:00:00'),
(1120, '6701', '2027-04-09 00:00:00', '2027-04-09 00:00:00'),
(1121, '6702', '2027-04-10 00:00:00', '2027-04-10 00:00:00'),
(1122, '6700', '2027-04-11 00:00:00', '2027-04-11 00:00:00'),
(1123, '6780', '2027-04-12 00:00:00', '2027-04-12 00:00:00'),
(1124, '6762', '2027-04-13 00:00:00', '2027-04-13 00:00:00'),
(1125, '6763', '2027-04-14 00:00:00', '2027-04-14 00:00:00'),
(1126, '6760', '2027-04-15 00:00:00', '2027-04-15 00:00:00'),
(1127, '6761', '2027-04-16 00:00:00', '2027-04-16 00:00:00'),
(1128, '3360', '2027-04-17 00:00:00', '2027-04-17 00:00:00'),
(1129, '3310', '2027-04-18 00:00:00', '2027-04-18 00:00:00'),
(1130, '3350', '2027-04-19 00:00:00', '2027-04-19 00:00:00'),
(1131, '3351', '2027-04-20 00:00:00', '2027-04-20 00:00:00'),
(1132, '3352', '2027-04-21 00:00:00', '2027-04-21 00:00:00'),
(1133, '3321', '2027-04-22 00:00:00', '2027-04-22 00:00:00'),
(1134, '3320', '2027-04-23 00:00:00', '2027-04-23 00:00:00'),
(1135, '3322', '2027-04-24 00:00:00', '2027-04-24 00:00:00'),
(1136, '3302', '2027-04-25 00:00:00', '2027-04-25 00:00:00'),
(1137, '3300', '2027-04-26 00:00:00', '2027-04-26 00:00:00'),
(1138, '3301', '2027-04-27 00:00:00', '2027-04-27 00:00:00'),
(1139, '3340', '2027-04-28 00:00:00', '2027-04-28 00:00:00'),
(1140, '3341', '2027-04-29 00:00:00', '2027-04-29 00:00:00'),
(1141, '3331', '2027-04-30 00:00:00', '2027-04-30 00:00:00'),
(1142, '3330', '2027-05-01 00:00:00', '2027-05-01 00:00:00'),
(1143, '3333', '2027-05-02 00:00:00', '2027-05-02 00:00:00'),
(1144, '3332', '2027-05-03 00:00:00', '2027-05-03 00:00:00'),
(1145, '3373', '2027-05-04 00:00:00', '2027-05-04 00:00:00'),
(1146, '3372', '2027-05-05 00:00:00', '2027-05-05 00:00:00'),
(1147, '3371', '2027-05-06 00:00:00', '2027-05-06 00:00:00'),
(1148, '3374', '2027-05-07 00:00:00', '2027-05-07 00:00:00'),
(1149, '3370', '2027-05-08 00:00:00', '2027-05-08 00:00:00'),
(1150, '3250', '2027-05-09 00:00:00', '2027-05-09 00:00:00'),
(1151, '3252', '2027-05-10 00:00:00', '2027-05-10 00:00:00'),
(1152, '3251', '2027-05-11 00:00:00', '2027-05-11 00:00:00'),
(1153, '3253', '2027-05-12 00:00:00', '2027-05-12 00:00:00'),
(1154, '3220', '2027-05-13 00:00:00', '2027-05-13 00:00:00'),
(1155, '3221', '2027-05-14 00:00:00', '2027-05-14 00:00:00'),
(1156, '3224', '2027-05-15 00:00:00', '2027-05-15 00:00:00'),
(1157, '3222', '2027-05-16 00:00:00', '2027-05-16 00:00:00'),
(1158, '3223', '2027-05-17 00:00:00', '2027-05-17 00:00:00'),
(1159, '3237', '2027-05-18 00:00:00', '2027-05-18 00:00:00'),
(1160, '3234', '2027-05-19 00:00:00', '2027-05-19 00:00:00'),
(1161, '3235', '2027-05-20 00:00:00', '2027-05-20 00:00:00'),
(1162, '3230', '2027-05-21 00:00:00', '2027-05-21 00:00:00'),
(1163, '3232', '2027-05-22 00:00:00', '2027-05-22 00:00:00'),
(1164, '3233', '2027-05-23 00:00:00', '2027-05-23 00:00:00'),
(1165, '3231', '2027-05-24 00:00:00', '2027-05-24 00:00:00'),
(1166, '3203', '2027-05-25 00:00:00', '2027-05-25 00:00:00'),
(1167, '3201', '2027-05-26 00:00:00', '2027-05-26 00:00:00'),
(1168, '3202', '2027-05-27 00:00:00', '2027-05-27 00:00:00'),
(1169, '3200', '2027-05-28 00:00:00', '2027-05-28 00:00:00'),
(1170, '3240', '2027-05-29 00:00:00', '2027-05-29 00:00:00'),
(1171, '3212', '2027-05-30 00:00:00', '2027-05-30 00:00:00'),
(1172, '3213', '2027-05-31 00:00:00', '2027-05-31 00:00:00'),
(1173, '3211', '2027-06-01 00:00:00', '2027-06-01 00:00:00'),
(1174, '3214', '2027-06-02 00:00:00', '2027-06-02 00:00:00'),
(1175, '3210', '2027-06-03 00:00:00', '2027-06-03 00:00:00'),
(1176, '3010', '2027-06-04 00:00:00', '2027-06-04 00:00:00'),
(1177, '3080', '2027-06-05 00:00:00', '2027-06-05 00:00:00'),
(1178, '3081', '2027-06-06 00:00:00', '2027-06-06 00:00:00'),
(1179, '3082', '2027-06-07 00:00:00', '2027-06-07 00:00:00'),
(1180, '3893', '2027-06-08 00:00:00', '2027-06-08 00:00:00'),
(1181, '3083', '2027-06-09 00:00:00', '2027-06-09 00:00:00'),
(1182, '3084', '2027-06-10 00:00:00', '2027-06-10 00:00:00'),
(1183, '3088', '2027-06-11 00:00:00', '2027-06-11 00:00:00'),
(1184, '3087', '2027-06-12 00:00:00', '2027-06-12 00:00:00'),
(1185, '3085', '2027-06-13 00:00:00', '2027-06-13 00:00:00'),
(1186, '3086', '2027-06-14 00:00:00', '2027-06-14 00:00:00'),
(1187, '3040', '2027-06-15 00:00:00', '2027-06-15 00:00:00'),
(1188, '3041', '2027-06-16 00:00:00', '2027-06-16 00:00:00'),
(1189, '3070', '2027-06-17 00:00:00', '2027-06-17 00:00:00'),
(1190, '3050', '2027-06-18 00:00:00', '2027-06-18 00:00:00'),
(1191, '3062', '2027-06-19 00:00:00', '2027-06-19 00:00:00'),
(1192, '3063', '2027-06-20 00:00:00', '2027-06-20 00:00:00'),
(1193, '3060', '2027-06-21 00:00:00', '2027-06-21 00:00:00'),
(1194, '3064', '2027-06-22 00:00:00', '2027-06-22 00:00:00'),
(1195, '3065', '2027-06-23 00:00:00', '2027-06-23 00:00:00'),
(1196, '3061', '2027-06-24 00:00:00', '2027-06-24 00:00:00'),
(1197, '3020', '2027-06-25 00:00:00', '2027-06-25 00:00:00'),
(1198, '3001', '2027-06-26 00:00:00', '2027-06-26 00:00:00'),
(1199, '3002', '2027-06-27 00:00:00', '2027-06-27 00:00:00'),
(1200, '3000', '2027-06-28 00:00:00', '2027-06-28 00:00:00'),
(1201, '3030', '2027-06-29 00:00:00', '2027-06-29 00:00:00'),
(1202, '3120', '2027-06-30 00:00:00', '2027-06-30 00:00:00'),
(1203, '3125', '2027-07-01 00:00:00', '2027-07-01 00:00:00'),
(1204, '3122', '2027-07-02 00:00:00', '2027-07-02 00:00:00'),
(1205, '3128', '2027-07-03 00:00:00', '2027-07-03 00:00:00'),
(1206, '3124', '2027-07-04 00:00:00', '2027-07-04 00:00:00'),
(1207, '3121', '2027-07-05 00:00:00', '2027-07-05 00:00:00'),
(1208, '3127', '2027-07-06 00:00:00', '2027-07-06 00:00:00'),
(1209, '3129', '2027-07-07 00:00:00', '2027-07-07 00:00:00'),
(1210, '3126', '2027-07-08 00:00:00', '2027-07-08 00:00:00'),
(1211, '3123', '2027-07-09 00:00:00', '2027-07-09 00:00:00'),
(1212, '3170', '2027-07-10 00:00:00', '2027-07-10 00:00:00'),
(1213, '3175', '2027-07-11 00:00:00', '2027-07-11 00:00:00'),
(1214, '3171', '2027-07-12 00:00:00', '2027-07-12 00:00:00'),
(1215, '3173', '2027-07-13 00:00:00', '2027-07-13 00:00:00'),
(1216, '3172', '2027-07-14 00:00:00', '2027-07-14 00:00:00'),
(1217, '3174', '2027-07-15 00:00:00', '2027-07-15 00:00:00'),
(1218, '3130', '2027-07-16 00:00:00', '2027-07-16 00:00:00'),
(1219, '3131', '2027-07-17 00:00:00', '2027-07-17 00:00:00'),
(1220, '3133', '2027-07-18 00:00:00', '2027-07-18 00:00:00'),
(1221, '3132', '2027-07-19 00:00:00', '2027-07-19 00:00:00'),
(1222, '3134', '2027-07-20 00:00:00', '2027-07-20 00:00:00'),
(1223, '3116', '2027-07-21 00:00:00', '2027-07-21 00:00:00'),
(1224, '3117', '2027-07-22 00:00:00', '2027-07-22 00:00:00'),
(1225, '3152', '2027-07-23 00:00:00', '2027-07-23 00:00:00'),
(1226, '3150', '2027-07-24 00:00:00', '2027-07-24 00:00:00'),
(1227, '3151', '2027-07-25 00:00:00', '2027-07-25 00:00:00'),
(1228, '3164', '2027-07-26 00:00:00', '2027-07-26 00:00:00'),
(1229, '3165', '2027-07-27 00:00:00', '2027-07-27 00:00:00'),
(1230, '3162', '2027-07-28 00:00:00', '2027-07-28 00:00:00'),
(1231, '3161', '2027-07-29 00:00:00', '2027-07-29 00:00:00'),
(1232, '3160', '2027-07-30 00:00:00', '2027-07-30 00:00:00'),
(1233, '3163', '2027-07-31 00:00:00', '2027-07-31 00:00:00'),
(1234, '3156', '2027-08-01 00:00:00', '2027-08-01 00:00:00'),
(1235, '3191', '2027-08-02 00:00:00', '2027-08-02 00:00:00'),
(1236, '3190', '2027-08-03 00:00:00', '2027-08-03 00:00:00'),
(1237, '3181', '2027-08-04 00:00:00', '2027-08-04 00:00:00'),
(1238, '3183', '2027-08-05 00:00:00', '2027-08-05 00:00:00'),
(1239, '3180', '2027-08-06 00:00:00', '2027-08-06 00:00:00'),
(1240, '3182', '2027-08-07 00:00:00', '2027-08-07 00:00:00'),
(1241, '3140', '2027-08-08 00:00:00', '2027-08-08 00:00:00'),
(1242, '3106', '2027-08-09 00:00:00', '2027-08-09 00:00:00'),
(1243, '3107', '2027-08-10 00:00:00', '2027-08-10 00:00:00'),
(1244, '3104', '2027-08-11 00:00:00', '2027-08-11 00:00:00'),
(1245, '3111', '2027-08-12 00:00:00', '2027-08-12 00:00:00'),
(1246, '3112', '2027-08-13 00:00:00', '2027-08-13 00:00:00'),
(1247, '3103', '2027-08-14 00:00:00', '2027-08-14 00:00:00'),
(1248, '3113', '2027-08-15 00:00:00', '2027-08-15 00:00:00'),
(1249, '3108', '2027-08-16 00:00:00', '2027-08-16 00:00:00'),
(1250, '3109', '2027-08-17 00:00:00', '2027-08-17 00:00:00'),
(1251, '3114', '2027-08-18 00:00:00', '2027-08-18 00:00:00'),
(1252, '3105', '2027-08-19 00:00:00', '2027-08-19 00:00:00'),
(1253, '3100', '2027-08-20 00:00:00', '2027-08-20 00:00:00'),
(1254, '3102', '2027-08-21 00:00:00', '2027-08-21 00:00:00'),
(1255, '3101', '2027-08-22 00:00:00', '2027-08-22 00:00:00'),
(1256, '5270', '2027-08-23 00:00:00', '2027-08-23 00:00:00'),
(1257, '5210', '2027-08-24 00:00:00', '2027-08-24 00:00:00'),
(1258, '5266', '2027-08-25 00:00:00', '2027-08-25 00:00:00'),
(1259, '5220', '2027-08-26 00:00:00', '2027-08-26 00:00:00'),
(1260, '5240', '2027-08-27 00:00:00', '2027-08-27 00:00:00'),
(1261, '5241', '2027-08-28 00:00:00', '2027-08-28 00:00:00'),
(1262, '5201', '2027-08-29 00:00:00', '2027-08-29 00:00:00'),
(1263, '5200', '2027-08-30 00:00:00', '2027-08-30 00:00:00'),
(1264, '5230', '2027-08-31 00:00:00', '2027-08-31 00:00:00'),
(1265, '5231', '2027-09-01 00:00:00', '2027-09-01 00:00:00'),
(1266, '5226', '2027-09-02 00:00:00', '2027-09-02 00:00:00'),
(1267, '5281', '2027-09-03 00:00:00', '2027-09-03 00:00:00'),
(1268, '5282', '2027-09-04 00:00:00', '2027-09-04 00:00:00'),
(1269, '5280', '2027-09-05 00:00:00', '2027-09-05 00:00:00'),
(1270, '5291', '2027-09-06 00:00:00', '2027-09-06 00:00:00'),
(1271, '5290', '2027-09-07 00:00:00', '2027-09-07 00:00:00'),
(1272, '5250', '2027-09-08 00:00:00', '2027-09-08 00:00:00'),
(1273, '5260', '2027-09-09 00:00:00', '2027-09-09 00:00:00'),
(1274, '5216', '2027-09-10 00:00:00', '2027-09-10 00:00:00'),
(1275, '5750', '2027-09-11 00:00:00', '2027-09-11 00:00:00'),
(1276, '5751', '2027-09-12 00:00:00', '2027-09-12 00:00:00'),
(1277, '5700', '2027-09-13 00:00:00', '2027-09-13 00:00:00'),
(1278, '5740', '2027-09-14 00:00:00', '2027-09-14 00:00:00'),
(1279, '5741', '2027-09-15 00:00:00', '2027-09-15 00:00:00'),
(1280, '5730', '2027-09-16 00:00:00', '2027-09-16 00:00:00'),
(1281, '5761', '2027-09-17 00:00:00', '2027-09-17 00:00:00'),
(1282, '5760', '2027-09-18 00:00:00', '2027-09-18 00:00:00'),
(1283, '5711', '2027-09-19 00:00:00', '2027-09-19 00:00:00'),
(1284, '5710', '2027-09-20 00:00:00', '2027-09-20 00:00:00'),
(1285, '5721', '2027-09-21 00:00:00', '2027-09-21 00:00:00'),
(1286, '5720', '2027-09-22 00:00:00', '2027-09-22 00:00:00'),
(1287, '5670', '2027-09-23 00:00:00', '2027-09-23 00:00:00'),
(1288, '5630', '2027-09-24 00:00:00', '2027-09-24 00:00:00'),
(1289, '5631', '2027-09-25 00:00:00', '2027-09-25 00:00:00'),
(1290, '5600', '2027-09-26 00:00:00', '2027-09-26 00:00:00'),
(1291, '5601', '2027-09-27 00:00:00', '2027-09-27 00:00:00'),
(1292, '5680', '2027-09-28 00:00:00', '2027-09-28 00:00:00'),
(1293, '5660', '2027-09-29 00:00:00', '2027-09-29 00:00:00'),
(1294, '5611', '2027-09-30 00:00:00', '2027-09-30 00:00:00'),
(1295, '5610', '2027-10-01 00:00:00', '2027-10-01 00:00:00'),
(1296, '5650', '2027-10-02 00:00:00', '2027-10-02 00:00:00'),
(1297, '5640', '2027-10-03 00:00:00', '2027-10-03 00:00:00'),
(1298, '5621', '2027-10-04 00:00:00', '2027-10-04 00:00:00'),
(1299, '5620', '2027-10-05 00:00:00', '2027-10-05 00:00:00'),
(1300, '5510', '2027-10-06 00:00:00', '2027-10-06 00:00:00'),
(1301, '5530', '2027-10-07 00:00:00', '2027-10-07 00:00:00'),
(1302, '5502', '2027-10-08 00:00:00', '2027-10-08 00:00:00'),
(1303, '5500', '2027-10-09 00:00:00', '2027-10-09 00:00:00'),
(1304, '5501', '2027-10-10 00:00:00', '2027-10-10 00:00:00'),
(1305, '5541', '2027-10-11 00:00:00', '2027-10-11 00:00:00'),
(1306, '5542', '2027-10-12 00:00:00', '2027-10-12 00:00:00'),
(1307, '5540', '2027-10-13 00:00:00', '2027-10-13 00:00:00'),
(1308, '5520', '2027-10-14 00:00:00', '2027-10-14 00:00:00'),
(1309, '5350', '2027-10-15 00:00:00', '2027-10-15 00:00:00'),
(1310, '5351', '2027-10-16 00:00:00', '2027-10-16 00:00:00'),
(1311, '5341', '2027-10-17 00:00:00', '2027-10-17 00:00:00'),
(1312, '5340', '2027-10-18 00:00:00', '2027-10-18 00:00:00'),
(1313, '5330', '2027-10-19 00:00:00', '2027-10-19 00:00:00'),
(1314, '5320', '2027-10-20 00:00:00', '2027-10-20 00:00:00'),
(1315, '5300', '2027-10-21 00:00:00', '2027-10-21 00:00:00'),
(1316, '5301', '2027-10-22 00:00:00', '2027-10-22 00:00:00'),
(1317, '5310', '2027-10-23 00:00:00', '2027-10-23 00:00:00'),
(1318, '5311', '2027-10-24 00:00:00', '2027-10-24 00:00:00'),
(1319, '5010', '2027-10-25 00:00:00', '2027-10-25 00:00:00'),
(1320, '5040', '2027-10-26 00:00:00', '2027-10-26 00:00:00'),
(1321, '5041', '2027-10-27 00:00:00', '2027-10-27 00:00:00'),
(1322, '5020', '2027-10-28 00:00:00', '2027-10-28 00:00:00'),
(1323, '5000', '2027-10-29 00:00:00', '2027-10-29 00:00:00'),
(1324, '5030', '2027-10-30 00:00:00', '2027-10-30 00:00:00'),
(1325, '5430', '2027-10-31 00:00:00', '2027-10-31 00:00:00'),
(1326, '5431', '2027-11-01 00:00:00', '2027-11-01 00:00:00'),
(1327, '5410', '2027-11-02 00:00:00', '2027-11-02 00:00:00'),
(1328, '5441', '2027-11-03 00:00:00', '2027-11-03 00:00:00'),
(1329, '5440', '2027-11-04 00:00:00', '2027-11-04 00:00:00'),
(1330, '5460', '2027-11-05 00:00:00', '2027-11-05 00:00:00'),
(1331, '5450', '2027-11-06 00:00:00', '2027-11-06 00:00:00'),
(1332, '5402', '2027-11-07 00:00:00', '2027-11-07 00:00:00'),
(1333, '5403', '2027-11-08 00:00:00', '2027-11-08 00:00:00'),
(1334, '5404', '2027-11-09 00:00:00', '2027-11-09 00:00:00'),
(1335, '5405', '2027-11-10 00:00:00', '2027-11-10 00:00:00'),
(1336, '5400', '2027-11-11 00:00:00', '2027-11-11 00:00:00'),
(1337, '5401', '2027-11-12 00:00:00', '2027-11-12 00:00:00'),
(1338, '5420', '2027-11-13 00:00:00', '2027-11-13 00:00:00'),
(1339, '5140', '2027-11-14 00:00:00', '2027-11-14 00:00:00'),
(1340, '5141', '2027-11-15 00:00:00', '2027-11-15 00:00:00'),
(1341, '5130', '2027-11-16 00:00:00', '2027-11-16 00:00:00'),
(1342, '5110', '2027-11-17 00:00:00', '2027-11-17 00:00:00'),
(1343, '5470', '2027-11-18 00:00:00', '2027-11-18 00:00:00'),
(1344, '5121', '2027-11-19 00:00:00', '2027-11-19 00:00:00'),
(1345, '5120', '2027-11-20 00:00:00', '2027-11-20 00:00:00'),
(1346, '5103', '2027-11-21 00:00:00', '2027-11-21 00:00:00'),
(1347, '5102', '2027-11-22 00:00:00', '2027-11-22 00:00:00'),
(1348, '5101', '2027-11-23 00:00:00', '2027-11-23 00:00:00'),
(1349, '5100', '2027-11-24 00:00:00', '2027-11-24 00:00:00');

-- --------------------------------------------------------

--
-- Table structure for table `products`
--

CREATE TABLE `products` (
  `id` bigint(20) UNSIGNED NOT NULL,
  `section_id` int(11) NOT NULL,
  `category_id` int(11) NOT NULL,
  `brand_id` int(11) NOT NULL,
  `vendor_id` int(11) NOT NULL,
  `admin_id` int(11) NOT NULL,
  `admin_type` varchar(255) NOT NULL,
  `product_name` varchar(255) NOT NULL,
  `product_code` varchar(255) NOT NULL,
  `product_color` varchar(255) NOT NULL,
  `product_price` float NOT NULL,
  `product_discount` float NOT NULL,
  `product_weight` int(11) NOT NULL,
  `product_image` varchar(255) DEFAULT NULL,
  `product_video` varchar(255) DEFAULT NULL,
  `group_code` varchar(255) NOT NULL,
  `description` text NOT NULL,
  `stripe` varchar(255) DEFAULT NULL,
  `fabric` varchar(255) DEFAULT NULL,
  `occasion` varchar(255) DEFAULT NULL,
  `fit` varchar(255) DEFAULT NULL,
  `sleeve` varchar(255) DEFAULT NULL,
  `ram` varchar(255) DEFAULT NULL,
  `meta_title` varchar(255) NOT NULL,
  `meta_description` varchar(255) NOT NULL,
  `meta_keywords` varchar(255) NOT NULL,
  `is_featured` enum('No','Yes') NOT NULL,
  `is_bestseller` enum('No','Yes') NOT NULL,
  `status` tinyint(4) NOT NULL,
  `created_at` timestamp NULL DEFAULT NULL,
  `updated_at` timestamp NULL DEFAULT NULL
) ENGINE=InnoDB DEFAULT CHARSET=utf8mb4 COLLATE=utf8mb4_unicode_ci;

--
-- Dumping data for table `products`
--

INSERT INTO `products` (`id`, `section_id`, `category_id`, `brand_id`, `vendor_id`, `admin_id`, `admin_type`, `product_name`, `product_code`, `product_color`, `product_price`, `product_discount`, `product_weight`, `product_image`, `product_video`, `group_code`, `description`, `stripe`, `fabric`, `occasion`, `fit`, `sleeve`, `ram`, `meta_title`, `meta_description`, `meta_keywords`, `is_featured`, `is_bestseller`, `status`, `created_at`, `updated_at`) VALUES
(5, 1, 3, 4, 0, 1, 'superadmin', 'CHR New', 'ch', 'white', 222222000, 0, 5000, '69145.PNG', NULL, '', 'fgfgfgfgfg', NULL, NULL, NULL, NULL, NULL, NULL, 'ch', 'ch', 'ch', 'Yes', 'Yes', 1, '2023-10-02 05:40:38', '2023-10-02 06:13:46'),
(6, 1, 3, 2, 0, 1, 'superadmin', 'Stripe Shirt', 'SS-67', 'red', 160, 0, 20, '77801.jpeg', '69473.mp4', 'ss-67', 'Lorem ipsum dolor sit amet consectetur adipisicing elit. Rem, animi nostrum consectetur cumque quo blanditiis tenetur sapiente eos ipsa ad velit placeat eligendi, dolorem, iusto ut quaerat officia repellat neque.', NULL, 'Cotten', NULL, NULL, 'Full', NULL, 't-shirts', 't-shirts', 't-shirts', 'Yes', 'Yes', 1, '2023-10-02 10:20:46', '2024-07-23 08:55:52'),
(7, 1, 4, 2, 0, 1, 'superadmin', 'Men\'s T-shirt', 'MTS-25', 'Black', 220, 0, 0, '74862.jpg', NULL, '100', 'Men\'s New T-Shirt for summer', 'stripe', 'Cotten', NULL, NULL, NULL, NULL, 'MTS-25', 'MTS-25', 'MTS-25', 'Yes', 'Yes', 1, '2023-10-04 12:09:32', '2023-10-17 14:11:32'),
(8, 1, 4, 5, 0, 1, 'superadmin', 'Casual Shirt', 'CS-21', 'Black', 1200, 20, 1, '21540.jpg', NULL, '100', 'New Casual Shirt', 'stripe', NULL, NULL, NULL, NULL, NULL, 'CS-21', 'CS-21', 'CS-21', 'Yes', 'Yes', 1, '2023-10-05 01:47:35', '2023-10-24 02:56:35'),
(9, 1, 3, 3, 0, 1, 'superadmin', 'Jeans', 'P-220', 'Black', 120, 1, 1, '82084.jpg', NULL, 'P-220', 'Nice', 'stripe', NULL, NULL, NULL, NULL, NULL, 'P-220', 'P-220', 'P-220', 'Yes', 'Yes', 1, '2023-10-17 15:10:29', '2024-04-10 13:21:22'),
(10, 1, 3, 2, 0, 1, 'superadmin', 'vendorPro', 'vp-34', 'Black', 750, 0, 1000, '11300.png', NULL, 'vp-34', 'New Product', 'stripe', NULL, NULL, NULL, NULL, NULL, 'vendor-pro', 'vendor-pro', 'vp-34', 'Yes', 'Yes', 1, '2024-01-07 02:25:24', '2024-03-14 01:56:42'),
(11, 1, 3, 2, 0, 1, 'superadmin', 'Ami Vendor', 'av-112', 'Red', 230, 0, 1, '72747.jpg', NULL, 'av-112', 'av-112', 'stripe', NULL, NULL, NULL, NULL, NULL, 'av-112', 'av-112', 'av-112', 'Yes', 'Yes', 1, '2024-03-18 05:20:27', '2024-03-18 06:00:29'),
(12, 1, 4, 2, 1, 18, 'vendor', 'Laptop', 'lp-110', 'Silver', 45000, 0, 700, '54248.png', NULL, 'lp-110', 'lp-110', NULL, NULL, NULL, NULL, NULL, NULL, 'lp-110', 'lp-110', 'lp-110', 'Yes', 'Yes', 1, '2024-03-18 12:44:29', '2024-04-10 13:22:17'),
(13, 1, 3, 2, 1, 18, 'vendor', 'Second', 'So-340', 'Black', 500, 0, 1, '33154.png', NULL, 'So-340', 'So-340', NULL, NULL, NULL, NULL, NULL, NULL, 'So-340', 'So-340', 'So-340', 'Yes', 'Yes', 1, '2024-03-18 13:26:23', '2024-03-18 13:26:23'),
(14, 4, 5, 4, 0, 1, 'superadmin', 'SL-112', 'SL-112', 'Sliver', 60000, 5, 100, '10787.png', NULL, 'SL-112', 'SL-112', NULL, NULL, NULL, NULL, NULL, NULL, 'SL-112', 'SL-112', 'SL-112', 'Yes', 'Yes', 1, '2024-07-21 07:48:39', '2024-07-21 07:48:39');

-- --------------------------------------------------------

--
-- Table structure for table `products_attributes`
--

CREATE TABLE `products_attributes` (
  `id` bigint(20) UNSIGNED NOT NULL,
  `product_id` int(11) NOT NULL,
  `size` varchar(255) NOT NULL,
  `price` double(8,2) NOT NULL,
  `stock` int(11) NOT NULL,
  `sku` varchar(255) NOT NULL,
  `status` tinyint(4) NOT NULL,
  `created_at` timestamp NULL DEFAULT NULL,
  `updated_at` timestamp NULL DEFAULT NULL
) ENGINE=InnoDB DEFAULT CHARSET=utf8mb4 COLLATE=utf8mb4_unicode_ci;

--
-- Dumping data for table `products_attributes`
--

INSERT INTO `products_attributes` (`id`, `product_id`, `size`, `price`, `stock`, `sku`, `status`, `created_at`, `updated_at`) VALUES
(1, 1, 'Small', 100.00, 10, 'p13-S', 0, '2023-06-20 04:45:41', '2023-06-21 07:17:31'),
(2, 1, 'Medium', 250.00, 10, 'p13-M', 1, '2023-06-20 04:45:42', '2023-06-21 07:17:31'),
(3, 1, 'Large', 350.00, 5, 'p13-L', 1, '2023-06-20 04:45:42', '2023-06-21 07:17:31'),
(5, 6, 'M', 140.00, 8, 'ss', 0, '2023-10-03 13:17:18', '2024-03-14 04:59:11'),
(6, 6, 'L', 160.00, 10, 'st', 1, '2023-10-03 13:28:11', '2023-10-04 10:18:29'),
(7, 7, 'Med', 220.00, 10, 'MTSM-25', 0, '2023-10-04 12:11:23', '2023-10-04 12:11:23'),
(8, 8, 'Cs', 1000.00, 5, 'CS-21', 0, '2023-10-05 01:48:55', '2023-10-05 01:49:33'),
(9, 8, 'Cm-21', 1200.00, 1, 'CM-21', 1, '2023-10-05 01:49:28', '2024-08-08 12:48:34'),
(10, 9, 'P-S', 110.00, 10, 'P-220', 1, '2023-10-18 00:51:16', '2023-10-18 00:51:16'),
(11, 10, 'vp-small', 700.00, 0, 'vp-34', 1, '2024-01-07 02:29:13', '2024-08-08 12:48:34'),
(12, 11, 'av-sm', 230.00, 94, 'av-112', 1, '2024-03-18 05:21:12', '2024-08-08 12:48:34'),
(13, 12, 'lp-110', 45000.00, 7, 'lp-110', 1, '2024-03-18 12:47:06', '2024-03-18 13:31:05'),
(14, 13, 'So-sm', 500.00, 58, 'So-340', 1, '2024-03-18 13:27:06', '2024-03-18 13:31:05'),
(15, 14, 'LS', 60000.00, 2, 'LS-112', 1, '2024-07-21 07:50:28', '2024-08-08 12:48:34');

-- --------------------------------------------------------

--
-- Table structure for table `products_filters`
--

CREATE TABLE `products_filters` (
  `id` bigint(20) UNSIGNED NOT NULL,
  `cat_ids` varchar(255) NOT NULL,
  `filter_name` varchar(255) NOT NULL,
  `filter_column` varchar(255) NOT NULL,
  `status` tinyint(4) NOT NULL,
  `created_at` timestamp NULL DEFAULT NULL,
  `updated_at` timestamp NULL DEFAULT NULL
) ENGINE=InnoDB DEFAULT CHARSET=utf8mb4 COLLATE=utf8mb4_unicode_ci;

--
-- Dumping data for table `products_filters`
--

INSERT INTO `products_filters` (`id`, `cat_ids`, `filter_name`, `filter_column`, `status`, `created_at`, `updated_at`) VALUES
(1, '1,2', 'Fabric', 'fabric', 1, '2023-08-06 08:05:05', '2023-08-06 08:05:05'),
(2, '2', 'RAM', 'ram', 1, '2023-08-06 08:06:01', '2023-08-06 08:06:01'),
(3, '1,2', 'Sleeve', 'sleeve', 1, '2023-08-06 08:06:10', '2023-08-06 08:06:10'),
(4, '1,2', 'Fit', 'fit', 1, '2023-08-06 08:06:19', '2023-08-06 08:06:19'),
(5, '1,2', 'Occasion', 'occasion', 1, '2023-08-06 08:06:27', '2023-08-06 08:06:27'),
(6, '1,3,4,2', 'Stripe', 'stripe', 1, '2023-10-04 12:26:45', '2023-10-04 12:26:45');

-- --------------------------------------------------------

--
-- Table structure for table `products_filters_values`
--

CREATE TABLE `products_filters_values` (
  `id` bigint(20) UNSIGNED NOT NULL,
  `filter_id` int(11) NOT NULL,
  `filter_value` varchar(255) NOT NULL,
  `status` tinyint(4) NOT NULL,
  `created_at` timestamp NULL DEFAULT NULL,
  `updated_at` timestamp NULL DEFAULT NULL
) ENGINE=InnoDB DEFAULT CHARSET=utf8mb4 COLLATE=utf8mb4_unicode_ci;

--
-- Dumping data for table `products_filters_values`
--

INSERT INTO `products_filters_values` (`id`, `filter_id`, `filter_value`, `status`, `created_at`, `updated_at`) VALUES
(1, 1, 'Cotten', 1, '2023-08-06 08:23:17', '2023-08-06 08:23:17'),
(2, 1, 'Polyester', 1, '2023-08-06 08:25:17', '2023-08-06 08:25:17'),
(3, 1, 'Wool', 1, '2023-08-06 08:25:27', '2023-08-06 08:25:27'),
(4, 3, 'Full Sleeve', 1, '2023-08-26 02:56:52', '2023-08-26 02:56:52'),
(5, 6, 'stripe', 1, '2023-10-04 12:27:47', '2023-10-04 12:27:47'),
(6, 5, 'stripe', 1, '2024-07-21 07:53:19', '2024-07-21 07:53:19');

-- --------------------------------------------------------

--
-- Table structure for table `products_images`
--

CREATE TABLE `products_images` (
  `id` bigint(20) UNSIGNED NOT NULL,
  `product_id` int(11) NOT NULL,
  `image` varchar(255) NOT NULL,
  `status` tinyint(4) NOT NULL,
  `created_at` timestamp NULL DEFAULT NULL,
  `updated_at` timestamp NULL DEFAULT NULL
) ENGINE=InnoDB DEFAULT CHARSET=utf8mb4 COLLATE=utf8mb4_unicode_ci;

--
-- Dumping data for table `products_images`
--

INSERT INTO `products_images` (`id`, `product_id`, `image`, `status`, `created_at`, `updated_at`) VALUES
(1, 5, 'screencapture-services-nidw-gov-bd-nid-pub-citizen-home-profile-2023-09-30-00_13_25.png20110.png', 1, '2023-10-02 05:41:25', '2023-10-02 05:41:25'),
(2, 5, 'p.PNG21304.PNG', 1, '2023-10-02 05:41:25', '2023-10-02 05:41:25'),
(3, 8, 'head1.jpg48141.jpg', 1, '2023-10-05 01:49:50', '2023-10-05 01:49:50'),
(4, 8, 'head2.jpg26480.jpg', 1, '2023-10-05 01:49:50', '2023-10-05 01:49:50'),
(5, 8, 'key3.jpg81006.jpg', 1, '2023-10-05 01:49:50', '2023-10-05 01:49:50'),
(6, 14, 'acer_laptop_1.png11037.png', 1, '2024-07-21 07:51:13', '2024-07-21 07:51:13'),
(7, 14, 'acer_laptop_3.png42855.png', 1, '2024-07-21 07:51:14', '2024-07-21 07:51:14'),
(8, 14, 'acer_laptop_var_1.png44613.png', 1, '2024-07-21 07:51:15', '2024-07-21 07:51:15'),
(9, 14, 'acer_laptop_var_2.png33944.png', 1, '2024-07-21 07:51:16', '2024-07-21 07:51:16');

-- --------------------------------------------------------

--
-- Table structure for table `ratings`
--

CREATE TABLE `ratings` (
  `id` bigint(20) UNSIGNED NOT NULL,
  `user_id` int(11) NOT NULL,
  `product_id` int(11) NOT NULL,
  `review` text NOT NULL,
  `rating` int(11) NOT NULL,
  `status` tinyint(4) NOT NULL,
  `created_at` timestamp NULL DEFAULT NULL,
  `updated_at` timestamp NULL DEFAULT NULL
) ENGINE=InnoDB DEFAULT CHARSET=utf8mb4 COLLATE=utf8mb4_unicode_ci;

--
-- Dumping data for table `ratings`
--

INSERT INTO `ratings` (`id`, `user_id`, `product_id`, `review`, `rating`, `status`, `created_at`, `updated_at`) VALUES
(2, 1, 12, 'Its really good', 4, 1, NULL, '2024-04-11 03:55:05'),
(3, 1, 10, 'Very very nice product', 4, 1, '2024-04-11 05:13:43', '2024-04-12 12:45:03'),
(4, 3, 10, 'Not so good but not that much bad as well', 3, 1, '2024-04-12 13:23:52', '2024-04-12 13:24:33'),
(5, 1, 14, 'Nice', 5, 1, NULL, NULL);

-- --------------------------------------------------------

--
-- Table structure for table `recently_viewed_products`
--

CREATE TABLE `recently_viewed_products` (
  `id` bigint(20) UNSIGNED NOT NULL,
  `product_id` int(11) NOT NULL,
  `session_id` varchar(255) NOT NULL,
  `created_at` timestamp NULL DEFAULT NULL,
  `updated_at` timestamp NULL DEFAULT NULL
) ENGINE=InnoDB DEFAULT CHARSET=utf8mb4 COLLATE=utf8mb4_unicode_ci;

--
-- Dumping data for table `recently_viewed_products`
--

INSERT INTO `recently_viewed_products` (`id`, `product_id`, `session_id`, `created_at`, `updated_at`) VALUES
(1, 8, '8', NULL, NULL),
(2, 7, '7', NULL, NULL),
(3, 7, '293b9204d4a3642978919daa32894f81', NULL, NULL),
(4, 7, 'ed0f098ab0429231affce039eefacb36', NULL, NULL),
(5, 7, '28462a32cdff298d9fbc27787c5ab0a6', NULL, NULL),
(6, 8, '28462a32cdff298d9fbc27787c5ab0a6', NULL, NULL),
(7, 4, '28462a32cdff298d9fbc27787c5ab0a6', NULL, NULL),
(8, 2, '28462a32cdff298d9fbc27787c5ab0a6', NULL, NULL),
(9, 6, '28462a32cdff298d9fbc27787c5ab0a6', NULL, NULL),
(10, 5, '28462a32cdff298d9fbc27787c5ab0a6', NULL, NULL),
(11, 9, '28462a32cdff298d9fbc27787c5ab0a6', NULL, NULL),
(12, 9, '261e84dfb175d0152c21ac73f9b9adab', NULL, NULL),
(13, 8, '261e84dfb175d0152c21ac73f9b9adab', NULL, NULL),
(14, 8, '82368dfc57726826e173b85ac677b457', NULL, NULL),
(15, 8, '6cbab41e7753d002ae10c00c6a1f1d1f', NULL, NULL),
(16, 7, '5c4e2c65714b27f2bc9f87975ebfb894', NULL, NULL),
(17, 8, '5c4e2c65714b27f2bc9f87975ebfb894', NULL, NULL),
(18, 5, '4944e0360240462b5ce0cddaf85a659f', NULL, NULL),
(19, 6, '4944e0360240462b5ce0cddaf85a659f', NULL, NULL),
(20, 8, '162354ef3ddc0fa7e951f2b242980c8f', NULL, NULL),
(21, 9, '162354ef3ddc0fa7e951f2b242980c8f', NULL, NULL),
(22, 6, '162354ef3ddc0fa7e951f2b242980c8f', NULL, NULL),
(23, 6, 'a4bf71be11a65c9998287419965c6482', NULL, NULL),
(24, 9, '83100aab5cd9751715519d5c9a279ba1', NULL, NULL),
(25, 5, '666628bd2946809ddd0fd3bff6ec8378', NULL, NULL),
(26, 9, '666628bd2946809ddd0fd3bff6ec8378', NULL, NULL),
(27, 8, '59f1587902ce16b9c85f7e31241c975a', NULL, NULL),
(28, 9, '59f1587902ce16b9c85f7e31241c975a', NULL, NULL),
(29, 5, '59f1587902ce16b9c85f7e31241c975a', NULL, NULL),
(30, 7, '59f1587902ce16b9c85f7e31241c975a', NULL, NULL),
(31, 6, '59f1587902ce16b9c85f7e31241c975a', NULL, NULL),
(32, 7, '29f9182b968f147ffd5fb40520a42c4d', NULL, NULL),
(33, 8, '29f9182b968f147ffd5fb40520a42c4d', NULL, NULL),
(34, 10, '29f9182b968f147ffd5fb40520a42c4d', NULL, NULL),
(35, 9, '29f9182b968f147ffd5fb40520a42c4d', NULL, NULL),
(36, 2, '29f9182b968f147ffd5fb40520a42c4d', NULL, NULL),
(37, 10, '476d1a8df38661e5e754114e1e0007f9', NULL, NULL),
(38, 9, '364cf89b421f750537d395b4e2691c6b', NULL, NULL),
(39, 10, '85c75eabb7af49ea3740a8f055d19cf4', NULL, NULL),
(40, 10, 'c2df264dc2899dc2c5be2c994c3a144c', NULL, NULL),
(41, 8, 'c2df264dc2899dc2c5be2c994c3a144c', NULL, NULL),
(42, 10, '3de83281e661ed1887a7232396e58469', NULL, NULL),
(43, 9, 'f33dffb9797fec48bfa15cfb3f343ca4', NULL, NULL),
(44, 10, 'f33dffb9797fec48bfa15cfb3f343ca4', NULL, NULL),
(45, 10, 'c897b02c64fb4349af7dff88bc5395fd', NULL, NULL),
(46, 9, 'c897b02c64fb4349af7dff88bc5395fd', NULL, NULL),
(47, 9, 'c27563951d8314b9cd570c4044e08a75', NULL, NULL),
(48, 8, 'c27563951d8314b9cd570c4044e08a75', NULL, NULL),
(49, 10, 'c27563951d8314b9cd570c4044e08a75', NULL, NULL),
(50, 8, '3a00fc4fe506231f44d451519be30250', NULL, NULL),
(51, 6, '3a00fc4fe506231f44d451519be30250', NULL, NULL),
(52, 5, '3a00fc4fe506231f44d451519be30250', NULL, NULL),
(53, 9, '3a00fc4fe506231f44d451519be30250', NULL, NULL),
(54, 6, '4720ef0a5c8fb72c171b1e72e268a0e5', NULL, NULL),
(55, 10, '4720ef0a5c8fb72c171b1e72e268a0e5', NULL, NULL),
(56, 8, '4720ef0a5c8fb72c171b1e72e268a0e5', NULL, NULL),
(57, 6, '482e12c27b9af93a78df2a3bd92bbbac', NULL, NULL),
(58, 7, 'a84f678d8927b86c95351d6bcba502be', NULL, NULL),
(59, 8, 'a84f678d8927b86c95351d6bcba502be', NULL, NULL),
(60, 10, 'a84f678d8927b86c95351d6bcba502be', NULL, NULL),
(61, 6, 'a84f678d8927b86c95351d6bcba502be', NULL, NULL),
(62, 9, 'a84f678d8927b86c95351d6bcba502be', NULL, NULL),
(63, 7, 'c60cb4e4742005be63cfa1ee492c8191', NULL, NULL),
(64, 8, 'c60cb4e4742005be63cfa1ee492c8191', NULL, NULL),
(65, 2, 'c60cb4e4742005be63cfa1ee492c8191', NULL, NULL),
(66, 10, 'c60cb4e4742005be63cfa1ee492c8191', NULL, NULL),
(67, 10, '23966e4642a649d77c4af30005abb2a5', NULL, NULL),
(68, 10, 'b39fd9358ad9ad3cccf49626e9a8d53b', NULL, NULL),
(69, 10, 'c809c82c61d60da414d4c09feaaba1a1', NULL, NULL),
(70, 11, '920e8e6e6d586d40dec1d209c56fa94b', NULL, NULL),
(71, 12, '6d4253fb33633321a87da8e2011e7fca', NULL, NULL),
(72, 11, '6d4253fb33633321a87da8e2011e7fca', NULL, NULL),
(73, 13, '6d4253fb33633321a87da8e2011e7fca', NULL, NULL),
(74, 2, '0b76f3e67d7c60a050ac0cd5ef39afff', NULL, NULL),
(75, 7, '0b76f3e67d7c60a050ac0cd5ef39afff', NULL, NULL),
(76, 10, '0b76f3e67d7c60a050ac0cd5ef39afff', NULL, NULL),
(77, 10, '71515ed07ced2db3d547fb01dd6f9da1', NULL, NULL),
(78, 11, 'fa0e6a267f25565975f902f6104f4ece', NULL, NULL),
(79, 12, 'fa0e6a267f25565975f902f6104f4ece', NULL, NULL),
(80, 10, 'fa0e6a267f25565975f902f6104f4ece', NULL, NULL),
(81, 10, '7e8cfa3d209dd6cc91e01469c9404e09', NULL, NULL),
(82, 12, '7e8cfa3d209dd6cc91e01469c9404e09', NULL, NULL),
(83, 10, '9badd7a8c4d77c548d685ea747bf13d6', NULL, NULL),
(84, 13, 'a09604325bbb2e7dafcaf0ab52def370', NULL, NULL),
(85, 10, 'a09604325bbb2e7dafcaf0ab52def370', NULL, NULL),
(86, 14, '82276cf229304d4d5fff564c7013b676', NULL, NULL),
(87, 13, '82276cf229304d4d5fff564c7013b676', NULL, NULL),
(88, 9, '82276cf229304d4d5fff564c7013b676', NULL, NULL),
(89, 11, '82276cf229304d4d5fff564c7013b676', NULL, NULL),
(90, 10, '1d366c52b6d7a6140970778b64736ff7', NULL, NULL),
(91, 5, 'f6feae104284a00774e9565a419515da', NULL, NULL),
(92, 6, 'f6feae104284a00774e9565a419515da', NULL, NULL),
(93, 10, 'f6feae104284a00774e9565a419515da', NULL, NULL);

-- --------------------------------------------------------

--
-- Table structure for table `sections`
--

CREATE TABLE `sections` (
  `id` bigint(20) UNSIGNED NOT NULL,
  `name` varchar(255) NOT NULL,
  `status` tinyint(4) NOT NULL,
  `created_at` timestamp NULL DEFAULT NULL,
  `updated_at` timestamp NULL DEFAULT NULL
) ENGINE=InnoDB DEFAULT CHARSET=utf8mb4 COLLATE=utf8mb4_unicode_ci;

--
-- Dumping data for table `sections`
--

INSERT INTO `sections` (`id`, `name`, `status`, `created_at`, `updated_at`) VALUES
(1, 'Clothing', 1, '2023-06-15 03:51:16', '2023-06-26 04:07:56'),
(2, 'Electronics', 1, '2023-06-15 03:51:29', '2023-06-15 03:51:29'),
(3, 'Appliances', 1, '2023-06-15 03:51:45', '2023-06-15 03:51:45'),
(4, 'Computers', 1, '2024-07-21 07:44:43', '2024-07-21 07:44:43');

-- --------------------------------------------------------

--
-- Table structure for table `shipping_charges`
--

CREATE TABLE `shipping_charges` (
  `id` bigint(20) UNSIGNED NOT NULL,
  `country` varchar(255) NOT NULL,
  `0_500g` double(8,2) NOT NULL,
  `501_1000g` double(8,2) NOT NULL,
  `1001_2000g` double(8,2) NOT NULL,
  `2001_5000g` double(8,2) NOT NULL,
  `above_5000g` double(8,2) NOT NULL,
  `status` tinyint(4) NOT NULL,
  `created_at` timestamp NULL DEFAULT NULL,
  `updated_at` timestamp NULL DEFAULT NULL
) ENGINE=InnoDB DEFAULT CHARSET=utf8mb4 COLLATE=utf8mb4_unicode_ci;

--
-- Dumping data for table `shipping_charges`
--

INSERT INTO `shipping_charges` (`id`, `country`, `0_500g`, `501_1000g`, `1001_2000g`, `2001_5000g`, `above_5000g`, `status`, `created_at`, `updated_at`) VALUES
(1, 'Afghanistan', 100.00, 150.00, 220.00, 250.00, 500.00, 1, '2024-03-05 18:00:00', '2024-03-14 01:22:24'),
(2, 'Albania', 0.00, 0.00, 0.00, 0.00, 0.00, 1, '2024-03-06 18:00:00', '2024-03-06 18:00:00'),
(3, 'Algeria', 0.00, 0.00, 0.00, 0.00, 0.00, 1, '2024-03-07 18:00:00', '2024-03-07 18:00:00'),
(4, 'American Samoa', 0.00, 0.00, 0.00, 0.00, 0.00, 1, '2024-03-08 18:00:00', '2024-03-08 18:00:00'),
(5, 'Andorra', 0.00, 0.00, 0.00, 0.00, 0.00, 1, '2024-03-09 18:00:00', '2024-03-09 18:00:00'),
(6, 'Angola', 0.00, 0.00, 0.00, 0.00, 0.00, 1, '2024-03-10 18:00:00', '2024-03-10 18:00:00'),
(7, 'Anguilla', 0.00, 0.00, 0.00, 0.00, 0.00, 1, '2024-03-11 18:00:00', '2024-03-11 18:00:00'),
(8, 'Antarctica', 0.00, 0.00, 0.00, 0.00, 0.00, 1, '2024-03-12 18:00:00', '2024-03-12 18:00:00'),
(9, 'Antigua and Barbuda', 0.00, 0.00, 0.00, 0.00, 0.00, 1, '2024-03-13 18:00:00', '2024-03-13 18:00:00'),
(10, 'Argentina', 0.00, 0.00, 0.00, 0.00, 0.00, 1, '2024-03-14 18:00:00', '2024-03-14 18:00:00'),
(11, 'Armenia', 0.00, 0.00, 0.00, 0.00, 0.00, 1, '2024-03-15 18:00:00', '2024-03-15 18:00:00'),
(12, 'Aruba', 0.00, 0.00, 0.00, 0.00, 0.00, 1, '2024-03-16 18:00:00', '2024-03-16 18:00:00'),
(13, 'Australia', 0.00, 0.00, 0.00, 0.00, 0.00, 1, '2024-03-17 18:00:00', '2024-03-17 18:00:00'),
(14, 'Austria', 0.00, 0.00, 0.00, 0.00, 0.00, 1, '2024-03-18 18:00:00', '2024-03-18 18:00:00'),
(15, 'Azerbaijan', 0.00, 0.00, 0.00, 0.00, 0.00, 1, '2024-03-19 18:00:00', '2024-03-19 18:00:00'),
(16, 'Bahamas', 0.00, 0.00, 0.00, 0.00, 0.00, 1, '2024-03-20 18:00:00', '2024-03-20 18:00:00'),
(17, 'Bahrain', 0.00, 0.00, 0.00, 0.00, 0.00, 1, '2024-03-21 18:00:00', '2024-03-21 18:00:00'),
(18, 'Bangladesh', 0.00, 0.00, 0.00, 0.00, 0.00, 1, '2024-03-22 18:00:00', '2024-03-13 04:33:32'),
(19, 'Barbados', 0.00, 0.00, 0.00, 0.00, 0.00, 1, '2024-03-23 18:00:00', '2024-03-23 18:00:00'),
(20, 'Belarus', 0.00, 0.00, 0.00, 0.00, 0.00, 1, '2024-03-24 18:00:00', '2024-03-24 18:00:00'),
(21, 'Belgium', 0.00, 0.00, 0.00, 0.00, 0.00, 1, '2024-03-25 18:00:00', '2024-03-25 18:00:00'),
(22, 'Belize', 0.00, 0.00, 0.00, 0.00, 0.00, 1, '2024-03-26 18:00:00', '2024-03-26 18:00:00'),
(23, 'Benin', 0.00, 0.00, 0.00, 0.00, 0.00, 1, '2024-03-27 18:00:00', '2024-03-27 18:00:00'),
(24, 'Bermuda', 0.00, 0.00, 0.00, 0.00, 0.00, 1, '2024-03-28 18:00:00', '2024-03-28 18:00:00'),
(25, 'Bhutan', 0.00, 0.00, 0.00, 0.00, 0.00, 1, '2024-03-29 18:00:00', '2024-03-29 18:00:00'),
(26, 'Bolivia', 0.00, 0.00, 0.00, 0.00, 0.00, 1, '2024-03-30 18:00:00', '2024-03-30 18:00:00'),
(27, 'Bosnia and Herzegovina', 0.00, 0.00, 0.00, 0.00, 0.00, 1, '2024-03-31 18:00:00', '2024-03-31 18:00:00'),
(28, 'Botswana', 0.00, 0.00, 0.00, 0.00, 0.00, 1, '2024-04-01 18:00:00', '2024-04-01 18:00:00'),
(29, 'Bouvet Island', 0.00, 0.00, 0.00, 0.00, 0.00, 1, '2024-04-02 18:00:00', '2024-04-02 18:00:00'),
(30, 'Brazil', 0.00, 0.00, 0.00, 0.00, 0.00, 1, '2024-04-03 18:00:00', '2024-04-03 18:00:00'),
(31, 'British Indian Ocean Territory', 0.00, 0.00, 0.00, 0.00, 0.00, 1, '2024-04-04 18:00:00', '2024-04-04 18:00:00'),
(32, 'Brunei Darussalam', 0.00, 0.00, 0.00, 0.00, 0.00, 1, '2024-04-05 18:00:00', '2024-04-05 18:00:00'),
(33, 'Bulgaria', 0.00, 0.00, 0.00, 0.00, 0.00, 1, '2024-04-06 18:00:00', '2024-04-06 18:00:00'),
(34, 'Burkina Faso', 0.00, 0.00, 0.00, 0.00, 0.00, 1, '2024-04-07 18:00:00', '2024-04-07 18:00:00'),
(35, 'Burundi', 0.00, 0.00, 0.00, 0.00, 0.00, 1, '2024-04-08 18:00:00', '2024-04-08 18:00:00'),
(36, 'Cambodia', 0.00, 0.00, 0.00, 0.00, 0.00, 1, '2024-04-09 18:00:00', '2024-04-09 18:00:00'),
(37, 'Cameroon', 0.00, 0.00, 0.00, 0.00, 0.00, 1, '2024-04-10 18:00:00', '2024-04-10 18:00:00'),
(38, 'Canada', 0.00, 0.00, 0.00, 0.00, 0.00, 1, '2024-04-11 18:00:00', '2024-04-11 18:00:00'),
(39, 'Cape Verde', 0.00, 0.00, 0.00, 0.00, 0.00, 1, '2024-04-12 18:00:00', '2024-04-12 18:00:00'),
(40, 'Cayman Islands', 0.00, 0.00, 0.00, 0.00, 0.00, 1, '2024-04-13 18:00:00', '2024-04-13 18:00:00'),
(41, 'Central African Republic', 0.00, 0.00, 0.00, 0.00, 0.00, 1, '2024-04-14 18:00:00', '2024-04-14 18:00:00'),
(42, 'Chad', 0.00, 0.00, 0.00, 0.00, 0.00, 1, '2024-04-15 18:00:00', '2024-04-15 18:00:00'),
(43, 'Chile', 0.00, 0.00, 0.00, 0.00, 0.00, 1, '2024-04-16 18:00:00', '2024-04-16 18:00:00'),
(44, 'China', 0.00, 0.00, 0.00, 0.00, 0.00, 1, '2024-04-17 18:00:00', '2024-04-17 18:00:00'),
(45, 'Christmas Island', 0.00, 0.00, 0.00, 0.00, 0.00, 1, '2024-04-18 18:00:00', '2024-04-18 18:00:00'),
(46, 'Cocos (Keeling) Islands', 0.00, 0.00, 0.00, 0.00, 0.00, 1, '2024-04-19 18:00:00', '2024-04-19 18:00:00'),
(47, 'Colombia', 0.00, 0.00, 0.00, 0.00, 0.00, 1, '2024-04-20 18:00:00', '2024-04-20 18:00:00'),
(48, 'Comoros', 0.00, 0.00, 0.00, 0.00, 0.00, 1, '2024-04-21 18:00:00', '2024-04-21 18:00:00'),
(49, 'Democratic Republic of the Congo', 0.00, 0.00, 0.00, 0.00, 0.00, 1, '2024-04-22 18:00:00', '2024-04-22 18:00:00'),
(50, 'Republic of Congo', 0.00, 0.00, 0.00, 0.00, 0.00, 1, '2024-04-23 18:00:00', '2024-04-23 18:00:00'),
(51, 'Cook Islands', 0.00, 0.00, 0.00, 0.00, 0.00, 1, '2024-04-24 18:00:00', '2024-04-24 18:00:00'),
(52, 'Costa Rica', 0.00, 0.00, 0.00, 0.00, 0.00, 1, '2024-04-25 18:00:00', '2024-04-25 18:00:00'),
(53, 'Croatia (Hrvatska)', 0.00, 0.00, 0.00, 0.00, 0.00, 1, '2024-04-26 18:00:00', '2024-04-26 18:00:00'),
(54, 'Cuba', 0.00, 0.00, 0.00, 0.00, 0.00, 1, '2024-04-27 18:00:00', '2024-04-27 18:00:00'),
(55, 'Cyprus', 0.00, 0.00, 0.00, 0.00, 0.00, 1, '2024-04-28 18:00:00', '2024-04-28 18:00:00'),
(56, 'Czech Republic', 0.00, 0.00, 0.00, 0.00, 0.00, 1, '2024-04-29 18:00:00', '2024-04-29 18:00:00'),
(57, 'Denmark', 0.00, 0.00, 0.00, 0.00, 0.00, 1, '2024-04-30 18:00:00', '2024-04-30 18:00:00'),
(58, 'Djibouti', 0.00, 0.00, 0.00, 0.00, 0.00, 1, '2024-05-01 18:00:00', '2024-05-01 18:00:00'),
(59, 'Dominica', 0.00, 0.00, 0.00, 0.00, 0.00, 1, '2024-05-02 18:00:00', '2024-05-02 18:00:00'),
(60, 'Dominican Republic', 0.00, 0.00, 0.00, 0.00, 0.00, 1, '2024-05-03 18:00:00', '2024-05-03 18:00:00'),
(61, 'East Timor', 0.00, 0.00, 0.00, 0.00, 0.00, 1, '2024-05-04 18:00:00', '2024-05-04 18:00:00'),
(62, 'Ecuador', 0.00, 0.00, 0.00, 0.00, 0.00, 1, '2024-05-05 18:00:00', '2024-05-05 18:00:00'),
(63, 'Egypt', 0.00, 0.00, 0.00, 0.00, 0.00, 1, '2024-05-06 18:00:00', '2024-05-06 18:00:00'),
(64, 'El Salvador', 0.00, 0.00, 0.00, 0.00, 0.00, 1, '2024-05-07 18:00:00', '2024-05-07 18:00:00'),
(65, 'Equatorial Guinea', 0.00, 0.00, 0.00, 0.00, 0.00, 1, '2024-05-08 18:00:00', '2024-05-08 18:00:00'),
(66, 'Eritrea', 0.00, 0.00, 0.00, 0.00, 0.00, 1, '2024-05-09 18:00:00', '2024-05-09 18:00:00'),
(67, 'Estonia', 0.00, 0.00, 0.00, 0.00, 0.00, 1, '2024-05-10 18:00:00', '2024-05-10 18:00:00'),
(68, 'Ethiopia', 0.00, 0.00, 0.00, 0.00, 0.00, 1, '2024-05-11 18:00:00', '2024-05-11 18:00:00'),
(69, 'Falkland Islands (Malvinas)', 0.00, 0.00, 0.00, 0.00, 0.00, 1, '2024-05-12 18:00:00', '2024-05-12 18:00:00'),
(70, 'Faroe Islands', 0.00, 0.00, 0.00, 0.00, 0.00, 1, '2024-05-13 18:00:00', '2024-05-13 18:00:00'),
(71, 'Fiji', 0.00, 0.00, 0.00, 0.00, 0.00, 1, '2024-05-14 18:00:00', '2024-05-14 18:00:00'),
(72, 'Finland', 0.00, 0.00, 0.00, 0.00, 0.00, 1, '2024-05-15 18:00:00', '2024-05-15 18:00:00'),
(73, 'France', 0.00, 0.00, 0.00, 0.00, 0.00, 1, '2024-05-16 18:00:00', '2024-05-16 18:00:00'),
(74, 'France, Metropolitan', 0.00, 0.00, 0.00, 0.00, 0.00, 1, '2024-05-17 18:00:00', '2024-05-17 18:00:00'),
(75, 'French Guiana', 0.00, 0.00, 0.00, 0.00, 0.00, 1, '2024-05-18 18:00:00', '2024-05-18 18:00:00'),
(76, 'French Polynesia', 0.00, 0.00, 0.00, 0.00, 0.00, 1, '2024-05-19 18:00:00', '2024-05-19 18:00:00'),
(77, 'French Southern Territories', 0.00, 0.00, 0.00, 0.00, 0.00, 1, '2024-05-20 18:00:00', '2024-05-20 18:00:00'),
(78, 'Gabon', 0.00, 0.00, 0.00, 0.00, 0.00, 1, '2024-05-21 18:00:00', '2024-05-21 18:00:00'),
(79, 'Gambia', 0.00, 0.00, 0.00, 0.00, 0.00, 1, '2024-05-22 18:00:00', '2024-05-22 18:00:00'),
(80, 'Georgia', 0.00, 0.00, 0.00, 0.00, 0.00, 1, '2024-05-23 18:00:00', '2024-05-23 18:00:00'),
(81, 'Germany', 0.00, 0.00, 0.00, 0.00, 0.00, 1, '2024-05-24 18:00:00', '2024-05-24 18:00:00'),
(82, 'Ghana', 0.00, 0.00, 0.00, 0.00, 0.00, 1, '2024-05-25 18:00:00', '2024-05-25 18:00:00'),
(83, 'Gibraltar', 0.00, 0.00, 0.00, 0.00, 0.00, 1, '2024-05-26 18:00:00', '2024-05-26 18:00:00'),
(84, 'Guernsey', 0.00, 0.00, 0.00, 0.00, 0.00, 1, '2024-05-27 18:00:00', '2024-05-27 18:00:00'),
(85, 'Greece', 0.00, 0.00, 0.00, 0.00, 0.00, 1, '2024-05-28 18:00:00', '2024-05-28 18:00:00'),
(86, 'Greenland', 0.00, 0.00, 0.00, 0.00, 0.00, 1, '2024-05-29 18:00:00', '2024-05-29 18:00:00'),
(87, 'Grenada', 0.00, 0.00, 0.00, 0.00, 0.00, 1, '2024-05-30 18:00:00', '2024-05-30 18:00:00'),
(88, 'Guadeloupe', 0.00, 0.00, 0.00, 0.00, 0.00, 1, '2024-05-31 18:00:00', '2024-05-31 18:00:00'),
(89, 'Guam', 0.00, 0.00, 0.00, 0.00, 0.00, 1, '2024-06-01 18:00:00', '2024-06-01 18:00:00'),
(90, 'Guatemala', 0.00, 0.00, 0.00, 0.00, 0.00, 1, '2024-06-02 18:00:00', '2024-06-02 18:00:00'),
(91, 'Guinea', 0.00, 0.00, 0.00, 0.00, 0.00, 1, '2024-06-03 18:00:00', '2024-06-03 18:00:00'),
(92, 'Guinea-Bissau', 0.00, 0.00, 0.00, 0.00, 0.00, 1, '2024-06-04 18:00:00', '2024-06-04 18:00:00'),
(93, 'Guyana', 0.00, 0.00, 0.00, 0.00, 0.00, 1, '2024-06-05 18:00:00', '2024-06-05 18:00:00'),
(94, 'Haiti', 0.00, 0.00, 0.00, 0.00, 0.00, 1, '2024-06-06 18:00:00', '2024-06-06 18:00:00'),
(95, 'Heard and Mc Donald Islands', 0.00, 0.00, 0.00, 0.00, 0.00, 1, '2024-06-07 18:00:00', '2024-06-07 18:00:00'),
(96, 'Honduras', 0.00, 0.00, 0.00, 0.00, 0.00, 1, '2024-06-08 18:00:00', '2024-06-08 18:00:00'),
(97, 'Hong Kong', 0.00, 0.00, 0.00, 0.00, 0.00, 1, '2024-06-09 18:00:00', '2024-06-09 18:00:00'),
(98, 'Hungary', 0.00, 0.00, 0.00, 0.00, 0.00, 1, '2024-06-10 18:00:00', '2024-06-10 18:00:00'),
(99, 'Iceland', 0.00, 0.00, 0.00, 0.00, 0.00, 1, '2024-06-11 18:00:00', '2024-06-11 18:00:00'),
(100, 'India', 0.00, 0.00, 0.00, 0.00, 0.00, 1, '2024-06-12 18:00:00', '2024-06-12 18:00:00'),
(101, 'Isle of Man', 0.00, 0.00, 0.00, 0.00, 0.00, 1, '2024-06-13 18:00:00', '2024-06-13 18:00:00'),
(102, 'Indonesia', 0.00, 0.00, 0.00, 0.00, 0.00, 1, '2024-06-14 18:00:00', '2024-06-14 18:00:00'),
(103, 'Iran (Islamic Republic of)', 0.00, 0.00, 0.00, 0.00, 0.00, 1, '2024-06-15 18:00:00', '2024-06-15 18:00:00'),
(104, 'Iraq', 0.00, 0.00, 0.00, 0.00, 0.00, 1, '2024-06-16 18:00:00', '2024-06-16 18:00:00'),
(105, 'Ireland', 0.00, 0.00, 0.00, 0.00, 0.00, 1, '2024-06-17 18:00:00', '2024-06-17 18:00:00'),
(106, 'Israel', 0.00, 0.00, 0.00, 0.00, 0.00, 1, '2024-06-18 18:00:00', '2024-06-18 18:00:00'),
(107, 'Italy', 0.00, 0.00, 0.00, 0.00, 0.00, 1, '2024-06-19 18:00:00', '2024-06-19 18:00:00'),
(108, 'Ivory Coast', 0.00, 0.00, 0.00, 0.00, 0.00, 1, '2024-06-20 18:00:00', '2024-06-20 18:00:00'),
(109, 'Jersey', 0.00, 0.00, 0.00, 0.00, 0.00, 1, '2024-06-21 18:00:00', '2024-06-21 18:00:00'),
(110, 'Jamaica', 0.00, 0.00, 0.00, 0.00, 0.00, 1, '2024-06-22 18:00:00', '2024-06-22 18:00:00'),
(111, 'Japan', 0.00, 0.00, 0.00, 0.00, 0.00, 1, '2024-06-23 18:00:00', '2024-06-23 18:00:00'),
(112, 'Jordan', 0.00, 0.00, 0.00, 0.00, 0.00, 1, '2024-06-24 18:00:00', '2024-06-24 18:00:00'),
(113, 'Kazakhstan', 0.00, 0.00, 0.00, 0.00, 0.00, 1, '2024-06-25 18:00:00', '2024-06-25 18:00:00'),
(114, 'Kenya', 0.00, 0.00, 0.00, 0.00, 0.00, 1, '2024-06-26 18:00:00', '2024-06-26 18:00:00'),
(115, 'Kiribati', 0.00, 0.00, 0.00, 0.00, 0.00, 1, '2024-06-27 18:00:00', '2024-06-27 18:00:00'),
(116, 'Korea, Democratic People\'s Republic of', 0.00, 0.00, 0.00, 0.00, 0.00, 1, '2024-06-28 18:00:00', '2024-06-28 18:00:00'),
(117, 'Korea, Republic of', 0.00, 0.00, 0.00, 0.00, 0.00, 1, '2024-06-29 18:00:00', '2024-06-29 18:00:00'),
(118, 'Kosovo', 0.00, 0.00, 0.00, 0.00, 0.00, 1, '2024-06-30 18:00:00', '2024-06-30 18:00:00'),
(119, 'Kuwait', 0.00, 0.00, 0.00, 0.00, 0.00, 1, '2024-07-01 18:00:00', '2024-07-01 18:00:00'),
(120, 'Kyrgyzstan', 0.00, 0.00, 0.00, 0.00, 0.00, 1, '2024-07-02 18:00:00', '2024-07-02 18:00:00'),
(121, 'Lao People\'s Democratic Republic', 0.00, 0.00, 0.00, 0.00, 0.00, 1, '2024-07-03 18:00:00', '2024-07-03 18:00:00'),
(122, 'Latvia', 0.00, 0.00, 0.00, 0.00, 0.00, 1, '2024-03-05 18:00:00', '2024-07-04 18:00:00'),
(123, 'Lebanon', 0.00, 0.00, 0.00, 0.00, 0.00, 1, '2024-03-06 18:00:00', '2024-07-05 18:00:00'),
(124, 'Lesotho', 0.00, 0.00, 0.00, 0.00, 0.00, 1, '2024-03-07 18:00:00', '2024-07-06 18:00:00'),
(125, 'Liberia', 0.00, 0.00, 0.00, 0.00, 0.00, 1, '2024-03-08 18:00:00', '2024-07-07 18:00:00'),
(126, 'Libyan Arab Jamahiriya', 0.00, 0.00, 0.00, 0.00, 0.00, 1, '2024-03-09 18:00:00', '2024-07-08 18:00:00'),
(127, 'Liechtenstein', 0.00, 0.00, 0.00, 0.00, 0.00, 1, '2024-03-10 18:00:00', '2024-07-09 18:00:00'),
(128, 'Lithuania', 0.00, 0.00, 0.00, 0.00, 0.00, 1, '2024-03-11 18:00:00', '2024-07-10 18:00:00'),
(129, 'Luxembourg', 0.00, 0.00, 0.00, 0.00, 0.00, 1, '2024-03-12 18:00:00', '2024-07-11 18:00:00'),
(130, 'Macau', 0.00, 0.00, 0.00, 0.00, 0.00, 1, '2024-03-13 18:00:00', '2024-07-12 18:00:00'),
(131, 'North Macedonia', 0.00, 0.00, 0.00, 0.00, 0.00, 1, '2024-03-14 18:00:00', '2024-07-13 18:00:00'),
(132, 'Madagascar', 0.00, 0.00, 0.00, 0.00, 0.00, 1, '2024-03-15 18:00:00', '2024-07-14 18:00:00'),
(133, 'Malawi', 0.00, 0.00, 0.00, 0.00, 0.00, 1, '2024-03-16 18:00:00', '2024-07-15 18:00:00'),
(134, 'Malaysia', 0.00, 0.00, 0.00, 0.00, 0.00, 1, '2024-03-17 18:00:00', '2024-07-16 18:00:00'),
(135, 'Maldives', 0.00, 0.00, 0.00, 0.00, 0.00, 1, '2024-03-18 18:00:00', '2024-07-17 18:00:00'),
(136, 'Mali', 0.00, 0.00, 0.00, 0.00, 0.00, 1, '2024-03-19 18:00:00', '2024-07-18 18:00:00'),
(137, 'Malta', 0.00, 0.00, 0.00, 0.00, 0.00, 1, '2024-03-20 18:00:00', '2024-07-19 18:00:00'),
(138, 'Marshall Islands', 0.00, 0.00, 0.00, 0.00, 0.00, 1, '2024-03-21 18:00:00', '2024-07-20 18:00:00'),
(139, 'Martinique', 0.00, 0.00, 0.00, 0.00, 0.00, 1, '2024-03-22 18:00:00', '2024-07-21 18:00:00'),
(140, 'Mauritania', 0.00, 0.00, 0.00, 0.00, 0.00, 1, '2024-03-23 18:00:00', '2024-07-22 18:00:00'),
(141, 'Mauritius', 0.00, 0.00, 0.00, 0.00, 0.00, 1, '2024-03-24 18:00:00', '2024-07-23 18:00:00'),
(142, 'Mayotte', 0.00, 0.00, 0.00, 0.00, 0.00, 1, '2024-03-25 18:00:00', '2024-07-24 18:00:00'),
(143, 'Mexico', 0.00, 0.00, 0.00, 0.00, 0.00, 1, '2024-03-26 18:00:00', '2024-07-25 18:00:00'),
(144, 'Micronesia, Federated States of', 0.00, 0.00, 0.00, 0.00, 0.00, 1, '2024-03-27 18:00:00', '2024-07-26 18:00:00'),
(145, 'Moldova, Republic of', 0.00, 0.00, 0.00, 0.00, 0.00, 1, '2024-03-28 18:00:00', '2024-07-27 18:00:00'),
(146, 'Monaco', 0.00, 0.00, 0.00, 0.00, 0.00, 1, '2024-03-29 18:00:00', '2024-07-28 18:00:00'),
(147, 'Mongolia', 0.00, 0.00, 0.00, 0.00, 0.00, 1, '2024-03-30 18:00:00', '2024-07-29 18:00:00'),
(148, 'Montenegro', 0.00, 0.00, 0.00, 0.00, 0.00, 1, '2024-03-31 18:00:00', '2024-07-30 18:00:00'),
(149, 'Montserrat', 0.00, 0.00, 0.00, 0.00, 0.00, 1, '2024-04-01 18:00:00', '2024-07-31 18:00:00'),
(150, 'Morocco', 0.00, 0.00, 0.00, 0.00, 0.00, 1, '2024-04-02 18:00:00', '2024-08-01 18:00:00'),
(151, 'Mozambique', 0.00, 0.00, 0.00, 0.00, 0.00, 1, '2024-04-03 18:00:00', '2024-08-02 18:00:00'),
(152, 'Myanmar', 0.00, 0.00, 0.00, 0.00, 0.00, 1, '2024-04-04 18:00:00', '2024-08-03 18:00:00'),
(153, 'Namibia', 0.00, 0.00, 0.00, 0.00, 0.00, 1, '2024-04-05 18:00:00', '2024-08-04 18:00:00'),
(154, 'Nauru', 0.00, 0.00, 0.00, 0.00, 0.00, 1, '2024-04-06 18:00:00', '2024-08-05 18:00:00'),
(155, 'Nepal', 0.00, 0.00, 0.00, 0.00, 0.00, 1, '2024-04-07 18:00:00', '2024-08-06 18:00:00'),
(156, 'Netherlands', 0.00, 0.00, 0.00, 0.00, 0.00, 1, '2024-04-08 18:00:00', '2024-08-07 18:00:00'),
(157, 'Netherlands Antilles', 0.00, 0.00, 0.00, 0.00, 0.00, 1, '2024-04-09 18:00:00', '2024-08-08 18:00:00'),
(158, 'New Caledonia', 0.00, 0.00, 0.00, 0.00, 0.00, 1, '2024-04-10 18:00:00', '2024-08-09 18:00:00'),
(159, 'New Zealand', 0.00, 0.00, 0.00, 0.00, 0.00, 1, '2024-04-11 18:00:00', '2024-08-10 18:00:00'),
(160, 'Nicaragua', 0.00, 0.00, 0.00, 0.00, 0.00, 1, '2024-04-12 18:00:00', '2024-08-11 18:00:00'),
(161, 'Niger', 0.00, 0.00, 0.00, 0.00, 0.00, 1, '2024-04-13 18:00:00', '2024-08-12 18:00:00'),
(162, 'Nigeria', 0.00, 0.00, 0.00, 0.00, 0.00, 1, '2024-04-14 18:00:00', '2024-08-13 18:00:00'),
(163, 'Niue', 0.00, 0.00, 0.00, 0.00, 0.00, 1, '2024-04-15 18:00:00', '2024-08-14 18:00:00'),
(164, 'Norfolk Island', 0.00, 0.00, 0.00, 0.00, 0.00, 1, '2024-04-16 18:00:00', '2024-08-15 18:00:00'),
(165, 'Northern Mariana Islands', 0.00, 0.00, 0.00, 0.00, 0.00, 1, '2024-04-17 18:00:00', '2024-08-16 18:00:00'),
(166, 'Norway', 0.00, 0.00, 0.00, 0.00, 0.00, 1, '2024-04-18 18:00:00', '2024-08-17 18:00:00'),
(167, 'Oman', 0.00, 0.00, 0.00, 0.00, 0.00, 1, '2024-04-19 18:00:00', '2024-08-18 18:00:00'),
(168, 'Pakistan', 0.00, 0.00, 0.00, 0.00, 0.00, 1, '2024-04-20 18:00:00', '2024-08-19 18:00:00'),
(169, 'Palau', 0.00, 0.00, 0.00, 0.00, 0.00, 1, '2024-04-21 18:00:00', '2024-08-20 18:00:00'),
(170, 'Palestine', 0.00, 0.00, 0.00, 0.00, 0.00, 1, '2024-04-22 18:00:00', '2024-08-21 18:00:00'),
(171, 'Panama', 0.00, 0.00, 0.00, 0.00, 0.00, 1, '2024-04-23 18:00:00', '2024-08-22 18:00:00'),
(172, 'Papua New Guinea', 0.00, 0.00, 0.00, 0.00, 0.00, 1, '2024-04-24 18:00:00', '2024-08-23 18:00:00'),
(173, 'Paraguay', 0.00, 0.00, 0.00, 0.00, 0.00, 1, '2024-04-25 18:00:00', '2024-08-24 18:00:00'),
(174, 'Peru', 0.00, 0.00, 0.00, 0.00, 0.00, 1, '2024-04-26 18:00:00', '2024-08-25 18:00:00'),
(175, 'Philippines', 0.00, 0.00, 0.00, 0.00, 0.00, 1, '2024-04-27 18:00:00', '2024-08-26 18:00:00'),
(176, 'Pitcairn', 0.00, 0.00, 0.00, 0.00, 0.00, 1, '2024-04-28 18:00:00', '2024-08-27 18:00:00'),
(177, 'Poland', 0.00, 0.00, 0.00, 0.00, 0.00, 1, '2024-04-29 18:00:00', '2024-08-28 18:00:00'),
(178, 'Portugal', 0.00, 0.00, 0.00, 0.00, 0.00, 1, '2024-04-30 18:00:00', '2024-08-29 18:00:00'),
(179, 'Puerto Rico', 0.00, 0.00, 0.00, 0.00, 0.00, 1, '2024-05-01 18:00:00', '2024-08-30 18:00:00'),
(180, 'Qatar', 0.00, 0.00, 0.00, 0.00, 0.00, 1, '2024-05-02 18:00:00', '2024-08-31 18:00:00'),
(181, 'Reunion', 0.00, 0.00, 0.00, 0.00, 0.00, 1, '2024-05-03 18:00:00', '2024-09-01 18:00:00'),
(182, 'Romania', 0.00, 0.00, 0.00, 0.00, 0.00, 1, '2024-05-04 18:00:00', '2024-09-02 18:00:00'),
(183, 'Russian Federation', 0.00, 0.00, 0.00, 0.00, 0.00, 1, '2024-05-05 18:00:00', '2024-09-03 18:00:00'),
(184, 'Rwanda', 0.00, 0.00, 0.00, 0.00, 0.00, 1, '2024-05-06 18:00:00', '2024-09-04 18:00:00'),
(185, 'Saint Kitts and Nevis', 0.00, 0.00, 0.00, 0.00, 0.00, 1, '2024-05-07 18:00:00', '2024-09-05 18:00:00'),
(186, 'Saint Lucia', 0.00, 0.00, 0.00, 0.00, 0.00, 1, '2024-05-08 18:00:00', '2024-09-06 18:00:00'),
(187, 'Saint Vincent and the Grenadines', 0.00, 0.00, 0.00, 0.00, 0.00, 1, '2024-05-09 18:00:00', '2024-09-07 18:00:00'),
(188, 'Samoa', 0.00, 0.00, 0.00, 0.00, 0.00, 1, '2024-05-10 18:00:00', '2024-09-08 18:00:00'),
(189, 'San Marino', 0.00, 0.00, 0.00, 0.00, 0.00, 1, '2024-05-11 18:00:00', '2024-09-09 18:00:00'),
(190, 'Sao Tome and Principe', 0.00, 0.00, 0.00, 0.00, 0.00, 1, '2024-05-12 18:00:00', '2024-09-10 18:00:00'),
(191, 'Saudi Arabia', 0.00, 0.00, 0.00, 0.00, 0.00, 1, '2024-05-13 18:00:00', '2024-09-11 18:00:00'),
(192, 'Senegal', 0.00, 0.00, 0.00, 0.00, 0.00, 1, '2024-05-14 18:00:00', '2024-09-12 18:00:00'),
(193, 'Serbia', 0.00, 0.00, 0.00, 0.00, 0.00, 1, '2024-05-15 18:00:00', '2024-09-13 18:00:00'),
(194, 'Seychelles', 0.00, 0.00, 0.00, 0.00, 0.00, 1, '2024-05-16 18:00:00', '2024-09-14 18:00:00'),
(195, 'Sierra Leone', 0.00, 0.00, 0.00, 0.00, 0.00, 1, '2024-05-17 18:00:00', '2024-09-15 18:00:00'),
(196, 'Singapore', 0.00, 0.00, 0.00, 0.00, 0.00, 1, '2024-05-18 18:00:00', '2024-09-16 18:00:00'),
(197, 'Slovakia', 0.00, 0.00, 0.00, 0.00, 0.00, 1, '2024-05-19 18:00:00', '2024-09-17 18:00:00'),
(198, 'Slovenia', 0.00, 0.00, 0.00, 0.00, 0.00, 1, '2024-05-20 18:00:00', '2024-09-18 18:00:00'),
(199, 'Solomon Islands', 0.00, 0.00, 0.00, 0.00, 0.00, 1, '2024-05-21 18:00:00', '2024-09-19 18:00:00'),
(200, 'Somalia', 0.00, 0.00, 0.00, 0.00, 0.00, 1, '2024-05-22 18:00:00', '2024-09-20 18:00:00'),
(201, 'South Africa', 0.00, 0.00, 0.00, 0.00, 0.00, 1, '2024-05-23 18:00:00', '2024-09-21 18:00:00'),
(202, 'South Georgia South Sandwich Islands', 0.00, 0.00, 0.00, 0.00, 0.00, 1, '2024-05-24 18:00:00', '2024-09-22 18:00:00'),
(203, 'South Sudan', 0.00, 0.00, 0.00, 0.00, 0.00, 1, '2024-05-25 18:00:00', '2024-09-23 18:00:00'),
(204, 'Spain', 0.00, 0.00, 0.00, 0.00, 0.00, 1, '2024-05-26 18:00:00', '2024-09-24 18:00:00'),
(205, 'Sri Lanka', 0.00, 0.00, 0.00, 0.00, 0.00, 1, '2024-05-27 18:00:00', '2024-09-25 18:00:00'),
(206, 'St. Helena', 0.00, 0.00, 0.00, 0.00, 0.00, 1, '2024-05-28 18:00:00', '2024-09-26 18:00:00'),
(207, 'St. Pierre and Miquelon', 0.00, 0.00, 0.00, 0.00, 0.00, 1, '2024-05-29 18:00:00', '2024-09-27 18:00:00'),
(208, 'Sudan', 0.00, 0.00, 0.00, 0.00, 0.00, 1, '2024-05-30 18:00:00', '2024-09-28 18:00:00'),
(209, 'Suriname', 0.00, 0.00, 0.00, 0.00, 0.00, 1, '2024-05-31 18:00:00', '2024-09-29 18:00:00'),
(210, 'Svalbard and Jan Mayen Islands', 0.00, 0.00, 0.00, 0.00, 0.00, 1, '2024-06-01 18:00:00', '2024-09-30 18:00:00'),
(211, 'Eswatini', 0.00, 0.00, 0.00, 0.00, 0.00, 1, '2024-06-02 18:00:00', '2024-10-01 18:00:00'),
(212, 'Sweden', 0.00, 0.00, 0.00, 0.00, 0.00, 1, '2024-06-03 18:00:00', '2024-10-02 18:00:00'),
(213, 'Switzerland', 0.00, 0.00, 0.00, 0.00, 0.00, 1, '2024-06-04 18:00:00', '2024-10-03 18:00:00'),
(214, 'Syrian Arab Republic', 0.00, 0.00, 0.00, 0.00, 0.00, 1, '2024-06-05 18:00:00', '2024-10-04 18:00:00'),
(215, 'Taiwan', 0.00, 0.00, 0.00, 0.00, 0.00, 1, '2024-06-06 18:00:00', '2024-10-05 18:00:00'),
(216, 'Tajikistan', 0.00, 0.00, 0.00, 0.00, 0.00, 1, '2024-06-07 18:00:00', '2024-10-06 18:00:00'),
(217, 'Tanzania, United Republic of', 0.00, 0.00, 0.00, 0.00, 0.00, 1, '2024-06-08 18:00:00', '2024-10-07 18:00:00'),
(218, 'Thailand', 0.00, 0.00, 0.00, 0.00, 0.00, 1, '2024-06-09 18:00:00', '2024-10-08 18:00:00'),
(219, 'Togo', 0.00, 0.00, 0.00, 0.00, 0.00, 1, '2024-06-10 18:00:00', '2024-10-09 18:00:00'),
(220, 'Tokelau', 0.00, 0.00, 0.00, 0.00, 0.00, 1, '2024-06-11 18:00:00', '2024-10-10 18:00:00'),
(221, 'Tonga', 0.00, 0.00, 0.00, 0.00, 0.00, 1, '2024-06-12 18:00:00', '2024-10-11 18:00:00'),
(222, 'Trinidad and Tobago', 0.00, 0.00, 0.00, 0.00, 0.00, 1, '2024-06-13 18:00:00', '2024-10-12 18:00:00'),
(223, 'Tunisia', 0.00, 0.00, 0.00, 0.00, 0.00, 1, '2024-06-14 18:00:00', '2024-10-13 18:00:00'),
(224, 'Turkey', 0.00, 0.00, 0.00, 0.00, 0.00, 1, '2024-06-15 18:00:00', '2024-10-14 18:00:00'),
(225, 'Turkmenistan', 0.00, 0.00, 0.00, 0.00, 0.00, 1, '2024-06-16 18:00:00', '2024-10-15 18:00:00'),
(226, 'Turks and Caicos Islands', 0.00, 0.00, 0.00, 0.00, 0.00, 1, '2024-06-17 18:00:00', '2024-10-16 18:00:00'),
(227, 'Tuvalu', 0.00, 0.00, 0.00, 0.00, 0.00, 1, '2024-06-18 18:00:00', '2024-10-17 18:00:00'),
(228, 'Uganda', 0.00, 0.00, 0.00, 0.00, 0.00, 1, '2024-06-19 18:00:00', '2024-10-18 18:00:00'),
(229, 'Ukraine', 0.00, 0.00, 0.00, 0.00, 0.00, 1, '2024-06-20 18:00:00', '2024-10-19 18:00:00'),
(230, 'United Arab Emirates', 0.00, 0.00, 0.00, 0.00, 0.00, 1, '2024-06-21 18:00:00', '2024-10-20 18:00:00'),
(231, 'United Kingdom', 0.00, 0.00, 0.00, 0.00, 0.00, 1, '2024-06-22 18:00:00', '2024-10-21 18:00:00'),
(232, 'United States', 0.00, 0.00, 0.00, 0.00, 0.00, 1, '2024-06-23 18:00:00', '2024-10-22 18:00:00'),
(233, 'United States minor outlying islands', 0.00, 0.00, 0.00, 0.00, 0.00, 1, '2024-06-24 18:00:00', '2024-10-23 18:00:00'),
(234, 'Uruguay', 0.00, 0.00, 0.00, 0.00, 0.00, 1, '2024-06-25 18:00:00', '2024-10-24 18:00:00'),
(235, 'Uzbekistan', 0.00, 0.00, 0.00, 0.00, 0.00, 1, '2024-06-26 18:00:00', '2024-10-25 18:00:00'),
(236, 'Vanuatu', 0.00, 0.00, 0.00, 0.00, 0.00, 1, '2024-06-27 18:00:00', '2024-10-26 18:00:00'),
(237, 'Vatican City State', 0.00, 0.00, 0.00, 0.00, 0.00, 1, '2024-06-28 18:00:00', '2024-10-27 18:00:00'),
(238, 'Venezuela', 0.00, 0.00, 0.00, 0.00, 0.00, 1, '2024-06-29 18:00:00', '2024-10-28 18:00:00'),
(239, 'Vietnam', 0.00, 0.00, 0.00, 0.00, 0.00, 1, '2024-06-30 18:00:00', '2024-10-29 18:00:00'),
(240, 'Virgin Islands (British)', 0.00, 0.00, 0.00, 0.00, 0.00, 1, '2024-07-01 18:00:00', '2024-10-30 18:00:00'),
(241, 'Virgin Islands (U.S.)', 0.00, 0.00, 0.00, 0.00, 0.00, 1, '2024-07-02 18:00:00', '2024-10-31 18:00:00'),
(242, 'Wallis and Futuna Islands', 0.00, 0.00, 0.00, 0.00, 0.00, 1, '2024-07-03 18:00:00', '2024-11-01 18:00:00'),
(243, 'Western Sahara', 0.00, 0.00, 0.00, 0.00, 0.00, 1, '2024-03-05 18:00:00', '2024-11-02 18:00:00'),
(244, 'Yemen', 0.00, 0.00, 0.00, 0.00, 0.00, 1, '2024-03-06 18:00:00', '2024-11-03 18:00:00'),
(245, 'Zambia', 0.00, 0.00, 0.00, 0.00, 0.00, 1, '2024-03-07 18:00:00', '2024-11-04 18:00:00'),
(246, 'Zimbabwe', 0.00, 0.00, 0.00, 0.00, 0.00, 1, '2024-03-08 18:00:00', '2024-11-05 18:00:00');

-- --------------------------------------------------------

--
-- Table structure for table `users`
--

CREATE TABLE `users` (
  `id` int(11) NOT NULL,
  `name` varchar(255) DEFAULT NULL,
  `address` varchar(255) DEFAULT NULL,
  `city` varchar(255) DEFAULT NULL,
  `state` varchar(255) DEFAULT NULL,
  `country` varchar(255) DEFAULT NULL,
  `pincode` varchar(255) DEFAULT NULL,
  `mobile` varchar(255) DEFAULT NULL,
  `email` varchar(255) DEFAULT NULL,
  `email_verified_at` timestamp NULL DEFAULT NULL,
  `password` varchar(255) DEFAULT NULL,
  `status` tinyint(4) NOT NULL,
  `remember_token` varchar(100) DEFAULT NULL,
  `created_at` timestamp NULL DEFAULT NULL,
  `updated_at` timestamp NULL DEFAULT NULL
) ENGINE=InnoDB DEFAULT CHARSET=utf8mb4 COLLATE=utf8mb4_general_ci;

--
-- Dumping data for table `users`
--

INSERT INTO `users` (`id`, `name`, `address`, `city`, `state`, `country`, `pincode`, `mobile`, `email`, `email_verified_at`, `password`, `status`, `remember_token`, `created_at`, `updated_at`) VALUES
(2, 'Md. Ishrakul Islam Efaz', NULL, NULL, NULL, NULL, NULL, '01740308899', 'ishra236@gmail.com', NULL, '$2y$10$f5Zqi2ONpBhTcQOjlRMR1.aShoLo.iMTp2kPERn8IV5AejBkp.Wne', 0, NULL, '2023-12-28 08:45:40', '2024-01-07 06:00:13'),
(3, 'Md. Ishrakul Islam Efaz', 'Road-10, Boroikhandi', 'Sylhet', 'South-zone', 'Bangladesh', '3100', '01740308899', 'ishrakul26@gmail.com', NULL, '$2y$10$ZRbs5Luu1LlpqTgeB3Ksoez7w9Ps7tWonRBNGoO3DbQc9NZk7/uDG', 1, NULL, '2023-12-28 08:48:20', '2024-03-02 05:07:07'),
(4, 'Md. Ishrakul Islam Efaz', NULL, NULL, NULL, NULL, NULL, '01740308899', 'akul236@gmail.com', NULL, '$2y$10$20kDU4dfaFJU2O5CommaCeS.52psfrADEllTibjIkTP3.xI9Oa0re', 0, NULL, '2023-12-28 08:53:23', '2023-12-28 08:53:23'),
(5, 'Md. Ishrakul Islam Efaz', NULL, NULL, NULL, NULL, NULL, '01740308899', 'ishrakul23@gmail.com', NULL, '$2y$10$IRnjK2V7oGy3IU30sBgCRu73/y0piBJNr2G9EmHNBjm/D4GXACA.m', 0, NULL, '2023-12-28 08:59:01', '2023-12-28 08:59:01'),
(6, 'Md. Ishrakul Islam Efaz', NULL, NULL, NULL, NULL, NULL, '01740308899', 'ishra@gmail.com', NULL, '$2y$10$HVO.Sr9nwQqVf3p.VRcrZuk1mJdNq5K5En.gwiPaUeIz1E0a6543m', 0, NULL, '2023-12-28 09:00:55', '2023-12-28 09:00:55'),
(7, 'Md. Ishrakul Islam Efaz', NULL, NULL, NULL, NULL, NULL, '01740308899', 'kul236@gmail.com', NULL, '$2y$10$0yBs0hk52TBEs.lc6K9XhOhP4lR6CETYkZRS4MnhTlxLTBINlfnaG', 0, NULL, '2023-12-28 09:01:47', '2023-12-28 09:01:47'),
(8, 'Md. Ishrakul Islam Efaz', NULL, NULL, NULL, NULL, NULL, '01740308899', 'ishrakul2@gmail.com', NULL, '$2y$10$TUVyWzct3lqwRqyU0mO6XeVDwPsoSpoeVt5sI9uvMPu4so.0k5hLG', 0, NULL, '2023-12-28 09:04:56', '2023-12-28 09:04:56'),
(9, 'Md. Ishrakul Islam Efaz', NULL, NULL, NULL, NULL, NULL, '01740308899', 'ishrakul3@gmail.com', NULL, '$2y$10$gkyXp24lvJvmGKMlQA2VbuTsSDHOB4m9y8qmZiRrCjaXmzDEONCtC', 0, NULL, '2023-12-28 09:06:28', '2023-12-28 09:06:28'),
(10, 'Md. Ishrakul Islam Efaz', NULL, NULL, NULL, NULL, NULL, '01740308899', 'ishrakul6@gmail.com', NULL, '$2y$10$mgzOE7VlXU7X638nSTpE9u5uAGh6ljsVqHtQl9F33PNDnjFN6Ccjq', 0, NULL, '2023-12-28 09:07:03', '2023-12-28 09:07:03'),
(11, 'Md. Ishrakul Islam Efaz', NULL, NULL, NULL, NULL, NULL, '01740308899', 'e@gmail.com', NULL, '$2y$10$lhyd137mYrrY/0vJIoEfdezP5CQATYEJtCc3YBkWFAmwjzAY6Sgru', 0, NULL, '2023-12-28 09:07:27', '2023-12-28 09:07:27'),
(12, 'Md. Ishrakul Islam Efaz', NULL, NULL, NULL, NULL, NULL, '01740308899', 'a@gmail.com', NULL, '$2y$10$Z1PMEG2gnrAS4Yfmu8C1N.HCPS4sWKDn.aqCd/F5JK4IPHZle87wO', 0, NULL, '2023-12-28 09:08:19', '2023-12-28 09:08:19'),
(13, 'Md. Ishrakul Islam Efaz', NULL, NULL, NULL, NULL, NULL, '01740308899', 'z@gmail.com', NULL, '$2y$10$ALWZVuJZmPTf2.0o62LScuqvDLsyCPHs0X3UafZfyFKEtO0mUbyzm', 0, NULL, '2023-12-28 09:09:01', '2023-12-28 09:09:01'),
(14, 'Md. Ishrakul Islam Efaz', NULL, NULL, NULL, NULL, NULL, '01740308899', 'i236@gmail.com', NULL, '$2y$10$tcFhJpS/fynXb/69nkcHtOSZD0YKTEwbcAUZH2YhCicO4St4MehHq', 0, NULL, '2023-12-28 09:10:42', '2023-12-28 09:10:42'),
(15, 'Efaz', NULL, NULL, NULL, NULL, NULL, '10249334', 'e@gmazil.com', NULL, '$2y$10$IzkhDPagESDoarGHRIY0bO2y0VB3dtlavY3POWbGa7mz5HgKAAN3.', 1, NULL, '2024-05-02 04:47:51', '2024-05-02 04:47:51'),
(16, 'api', NULL, NULL, NULL, NULL, NULL, '32424234', 'api@mail.com', NULL, '$2y$10$xPCGda1SFxFx5QQAvGjGVenfWVlgkp9ImEDjd187kI5SyiO2l1cWS', 1, NULL, '2024-06-22 00:49:44', '2024-06-22 00:49:44'),
(17, 'reactapi', NULL, NULL, NULL, NULL, NULL, '43545345', 'ra@api.com', NULL, '$2y$10$2s8zqhuKrwZ8o1XClFbvu.utmJeZRrgcK19nTF2KKtC1aC3Am5w26', 1, NULL, '2024-06-22 04:39:32', '2024-06-22 04:39:32'),
(18, 'reactapi', NULL, NULL, NULL, NULL, NULL, '43545345', 'ra@api.com', NULL, '$2y$10$Mo6HT3NyTMpP95qOpHwwUOJapdBIUr/u2Qo6LG32TWFk/SqrHF.pm', 1, NULL, '2024-06-22 04:39:33', '2024-06-22 04:39:33'),
(19, 'reactapi', NULL, NULL, NULL, NULL, NULL, '43545345', 'ra@api.com', NULL, '$2y$10$4PELduR65LhMpvW5CkuGaeEtR9YwG/kNZ56CAgO/2p5mCv20E/nay', 1, NULL, '2024-06-22 04:39:34', '2024-06-22 04:39:34'),
(20, 'reactapi', NULL, NULL, NULL, NULL, NULL, '43545345', 'ra@api.com', NULL, '$2y$10$jDLKr/l9t1uh.kEc30rAxe/78QKZlj0Kcx0P4GDFU0YMUQmVkgLXi', 1, NULL, '2024-06-22 04:39:35', '2024-06-22 04:39:35'),
(21, 'reactapi', NULL, NULL, NULL, NULL, NULL, '43545345', 'ra@api.com', NULL, '$2y$10$1fHMMQyaLXRdwKbG3Pfb8O0eW8dDuYHdALrdqEcH9x/DFKs28URNm', 1, NULL, '2024-06-22 04:39:36', '2024-06-22 04:39:36'),
(22, 'reactapi', NULL, NULL, NULL, NULL, NULL, '43545345', 'ra@api.com', NULL, '$2y$10$Q2h1PuMZhrHccmJimk9yWeXoha.EKUjHJJC0jct0KTiWbW5kG0yDm', 1, NULL, '2024-06-22 04:39:37', '2024-06-22 04:39:37'),
(23, 'reactapi2', NULL, NULL, NULL, NULL, NULL, '43545345', 'ra@api.com', NULL, '$2y$10$869QuHQ/PFas/JGs89rsXuHEmcxHip0UILyDsOnbQo.L2vK6rSezq', 1, NULL, '2024-06-22 04:40:01', '2024-06-22 04:40:01'),
(24, 'thnaks test', NULL, NULL, NULL, NULL, NULL, '5454', 'erer@fgf.vv', NULL, '$2y$10$SSF5xGiqaoHFDxsSmCBbae.SRmjlZBoaQWIZSSe7yOIJmXfi8E2xW', 1, NULL, '2024-06-22 04:45:10', '2024-06-22 04:45:10'),
(25, 'Md. Ishrakul Islam Efaz', NULL, NULL, NULL, NULL, NULL, '34354', 'ishrakul236@gmail.com', NULL, '$2y$10$Edy7g.6bw93L5rpvUIRLGe8X25Vvac3geYTg28Jktkw2fW51Wyhry', 1, NULL, '2024-06-22 05:05:11', '2024-06-22 05:05:11'),
(26, 'Md. Ishrakul Islam Efaz', NULL, NULL, NULL, NULL, NULL, '45345345', 'ishrakul236@gmail.com', NULL, '$2y$10$aVEYDPvApZemL7bSGk..gu9QPkfEEO966a2o3z52dKoRbIIET1GPS', 1, NULL, '2024-06-22 05:11:23', '2024-06-22 05:11:23'),
(27, 'api', NULL, NULL, NULL, NULL, NULL, '32424234', 'api@mail.com', NULL, '$2y$10$xbnMCMG6FWULpX6wqxl8/eELmYxz/bRHcubbDyUrX0jSfbdkIIl92', 1, NULL, '2024-07-14 02:54:34', '2024-07-14 02:54:34'),
(28, 'from website', NULL, NULL, NULL, NULL, NULL, '32432423423', 'fw@gmail.com', NULL, '$2y$10$woCU/2AdpSXdAoMePEjc5.VshS0pr83TwrhTm9CFRyoeKEE1J8u9y', 1, NULL, '2024-07-14 02:56:33', '2024-07-14 02:56:33'),
(29, 'from website', NULL, NULL, NULL, NULL, NULL, '32432423423', 'fw@gmail.com', NULL, '$2y$10$LJqL0kdRymV/DwM1/FeCYe8JtxfBpkFCOxumv3n0.xSQ2JgJ2Wrp.', 1, NULL, '2024-07-14 02:56:34', '2024-07-14 02:56:34'),
(30, 'from website', NULL, NULL, NULL, NULL, NULL, '32432423423', 'fw@gmail.com', NULL, '$2y$10$A9yDiipaCQrUhF3QR2YTsuqiPhINE5F28TJXwFPOBk5Slx2xmGwee', 1, NULL, '2024-07-14 02:56:34', '2024-07-14 02:56:34'),
(31, 'testdfdffd', 'dfdf', '', '', '', '', '232321321', 'net@net.com', NULL, '$2y$10$zkAHufp2wi.6qLKkdNUO.OaulpQn3PB0DAUVB6xc48P0vK9mF/fyi', 1, NULL, '2024-07-21 04:33:08', '2024-07-21 05:05:31'),
(32, 'Md. Ishrakul Islam Efaz', NULL, NULL, NULL, NULL, NULL, '01740308899', 'ahmud236@gmail.com', NULL, '$2y$10$X9LBXUjhHbTTAOpMz0mDzuSMBA0r1yWwGT5l6F6kmnmqOPog5gpsG', 1, NULL, '2024-08-12 15:31:33', '2024-08-12 15:32:08');

-- --------------------------------------------------------

--
-- Table structure for table `vendors`
--

CREATE TABLE `vendors` (
  `id` bigint(20) UNSIGNED NOT NULL,
  `name` varchar(255) NOT NULL,
  `address` varchar(255) DEFAULT NULL,
  `city` varchar(255) DEFAULT NULL,
  `state` varchar(255) DEFAULT NULL,
  `country` varchar(255) DEFAULT NULL,
  `pincode` varchar(255) DEFAULT NULL,
  `mobile` varchar(255) NOT NULL,
  `email` varchar(255) NOT NULL,
  `confirm` enum('No','Yes') NOT NULL DEFAULT 'No',
  `commission` float NOT NULL,
  `status` tinyint(4) NOT NULL,
  `created_at` timestamp NULL DEFAULT NULL,
  `updated_at` timestamp NULL DEFAULT NULL
) ENGINE=InnoDB DEFAULT CHARSET=utf8mb4 COLLATE=utf8mb4_unicode_ci;

--
-- Dumping data for table `vendors`
--

INSERT INTO `vendors` (`id`, `name`, `address`, `city`, `state`, `country`, `pincode`, `mobile`, `email`, `confirm`, `commission`, `status`, `created_at`, `updated_at`) VALUES
(1, 'Md. Ishrakul Islam Efaz', 'Sylhet', 'Sylhet', 'Sylhet', 'Bangladesh', '3100', '01740308899', 'ishrakul236@gmail.com', 'Yes', 10, 1, '2023-10-18 09:15:58', '2024-03-18 03:33:35');

-- --------------------------------------------------------

--
-- Table structure for table `vendors_bank_details`
--

CREATE TABLE `vendors_bank_details` (
  `id` bigint(20) UNSIGNED NOT NULL,
  `vendor_id` int(11) NOT NULL,
  `account_holder_name` varchar(255) NOT NULL,
  `bank_name` varchar(255) NOT NULL,
  `account_number` varchar(255) NOT NULL,
  `bank_ifsc_code` varchar(255) NOT NULL,
  `created_at` timestamp NULL DEFAULT NULL,
  `updated_at` timestamp NULL DEFAULT NULL
) ENGINE=InnoDB DEFAULT CHARSET=utf8mb4 COLLATE=utf8mb4_unicode_ci;

--
-- Dumping data for table `vendors_bank_details`
--

INSERT INTO `vendors_bank_details` (`id`, `vendor_id`, `account_holder_name`, `bank_name`, `account_number`, `bank_ifsc_code`, `created_at`, `updated_at`) VALUES
(1, 1, 'Efaz', 'IFIC', '123232434343', '1211', NULL, NULL);

-- --------------------------------------------------------

--
-- Table structure for table `vendors_business_details`
--

CREATE TABLE `vendors_business_details` (
  `id` bigint(20) UNSIGNED NOT NULL,
  `vendor_id` int(11) NOT NULL,
  `shop_name` varchar(255) DEFAULT NULL,
  `shop_address` varchar(255) DEFAULT NULL,
  `shop_city` varchar(255) DEFAULT NULL,
  `shop_state` varchar(255) DEFAULT NULL,
  `shop_country` varchar(255) DEFAULT NULL,
  `shop_pincode` varchar(255) DEFAULT NULL,
  `shop_mobile` varchar(255) DEFAULT NULL,
  `shop_website` varchar(255) DEFAULT NULL,
  `shop_email` varchar(255) DEFAULT NULL,
  `address_proof` varchar(255) DEFAULT NULL,
  `address_proof_image` varchar(255) DEFAULT NULL,
  `business_license_number` varchar(255) DEFAULT NULL,
  `gst_number` varchar(255) DEFAULT NULL,
  `pan_number` varchar(255) DEFAULT NULL,
  `created_at` timestamp NULL DEFAULT NULL,
  `updated_at` timestamp NULL DEFAULT NULL
) ENGINE=InnoDB DEFAULT CHARSET=utf8mb4 COLLATE=utf8mb4_unicode_ci;

--
-- Dumping data for table `vendors_business_details`
--

INSERT INTO `vendors_business_details` (`id`, `vendor_id`, `shop_name`, `shop_address`, `shop_city`, `shop_state`, `shop_country`, `shop_pincode`, `shop_mobile`, `shop_website`, `shop_email`, `address_proof`, `address_proof_image`, `business_license_number`, `gst_number`, `pan_number`, `created_at`, `updated_at`) VALUES
(1, 1, 'Efaz Shop', 'Sylhet', 'Sylhet', 'Sylhet', 'Bangladesh', '31222', '01749399900', 'www.google.com', NULL, 'Driving License', '16875.PNG', '121212121', '121212121', '12121212', NULL, NULL);

--
-- Indexes for dumped tables
--

--
-- Indexes for table `admins`
--
ALTER TABLE `admins`
  ADD PRIMARY KEY (`id`),
  ADD UNIQUE KEY `admins_email_unique` (`email`);

--
-- Indexes for table `apps_countries`
--
ALTER TABLE `apps_countries`
  ADD PRIMARY KEY (`id`);

--
-- Indexes for table `banners`
--
ALTER TABLE `banners`
  ADD PRIMARY KEY (`id`);

--
-- Indexes for table `brands`
--
ALTER TABLE `brands`
  ADD PRIMARY KEY (`id`);

--
-- Indexes for table `carts`
--
ALTER TABLE `carts`
  ADD PRIMARY KEY (`id`);

--
-- Indexes for table `categories`
--
ALTER TABLE `categories`
  ADD PRIMARY KEY (`id`);

--
-- Indexes for table `cms_pages`
--
ALTER TABLE `cms_pages`
  ADD PRIMARY KEY (`id`);

--
-- Indexes for table `cod_pincodes`
--
ALTER TABLE `cod_pincodes`
  ADD PRIMARY KEY (`id`);

--
-- Indexes for table `countries`
--
ALTER TABLE `countries`
  ADD PRIMARY KEY (`id`);

--
-- Indexes for table `coupons`
--
ALTER TABLE `coupons`
  ADD PRIMARY KEY (`id`);

--
-- Indexes for table `delivery_addresses`
--
ALTER TABLE `delivery_addresses`
  ADD PRIMARY KEY (`id`);

--
-- Indexes for table `failed_jobs`
--
ALTER TABLE `failed_jobs`
  ADD PRIMARY KEY (`id`),
  ADD UNIQUE KEY `failed_jobs_uuid_unique` (`uuid`);

--
-- Indexes for table `migrations`
--
ALTER TABLE `migrations`
  ADD PRIMARY KEY (`id`);

--
-- Indexes for table `newsletter_subscribers`
--
ALTER TABLE `newsletter_subscribers`
  ADD PRIMARY KEY (`id`);

--
-- Indexes for table `orders`
--
ALTER TABLE `orders`
  ADD PRIMARY KEY (`id`);

--
-- Indexes for table `orders_logs`
--
ALTER TABLE `orders_logs`
  ADD PRIMARY KEY (`id`);

--
-- Indexes for table `orders_products`
--
ALTER TABLE `orders_products`
  ADD PRIMARY KEY (`id`);

--
-- Indexes for table `order_item_statuses`
--
ALTER TABLE `order_item_statuses`
  ADD PRIMARY KEY (`id`);

--
-- Indexes for table `order_statuses`
--
ALTER TABLE `order_statuses`
  ADD PRIMARY KEY (`id`);

--
-- Indexes for table `password_resets`
--
ALTER TABLE `password_resets`
  ADD KEY `password_resets_email_index` (`email`);

--
-- Indexes for table `payments`
--
ALTER TABLE `payments`
  ADD PRIMARY KEY (`id`);

--
-- Indexes for table `personal_access_tokens`
--
ALTER TABLE `personal_access_tokens`
  ADD PRIMARY KEY (`id`),
  ADD UNIQUE KEY `personal_access_tokens_token_unique` (`token`),
  ADD KEY `personal_access_tokens_tokenable_type_tokenable_id_index` (`tokenable_type`,`tokenable_id`);

--
-- Indexes for table `prepaid_pincodes`
--
ALTER TABLE `prepaid_pincodes`
  ADD PRIMARY KEY (`id`);

--
-- Indexes for table `products`
--
ALTER TABLE `products`
  ADD PRIMARY KEY (`id`);

--
-- Indexes for table `products_attributes`
--
ALTER TABLE `products_attributes`
  ADD PRIMARY KEY (`id`);

--
-- Indexes for table `products_filters`
--
ALTER TABLE `products_filters`
  ADD PRIMARY KEY (`id`);

--
-- Indexes for table `products_filters_values`
--
ALTER TABLE `products_filters_values`
  ADD PRIMARY KEY (`id`);

--
-- Indexes for table `products_images`
--
ALTER TABLE `products_images`
  ADD PRIMARY KEY (`id`);

--
-- Indexes for table `ratings`
--
ALTER TABLE `ratings`
  ADD PRIMARY KEY (`id`);

--
-- Indexes for table `recently_viewed_products`
--
ALTER TABLE `recently_viewed_products`
  ADD PRIMARY KEY (`id`);

--
-- Indexes for table `sections`
--
ALTER TABLE `sections`
  ADD PRIMARY KEY (`id`);

--
-- Indexes for table `shipping_charges`
--
ALTER TABLE `shipping_charges`
  ADD PRIMARY KEY (`id`);

--
-- Indexes for table `users`
--
ALTER TABLE `users`
  ADD PRIMARY KEY (`id`);

--
-- Indexes for table `vendors`
--
ALTER TABLE `vendors`
  ADD PRIMARY KEY (`id`),
  ADD UNIQUE KEY `vendors_email_unique` (`email`);

--
-- Indexes for table `vendors_bank_details`
--
ALTER TABLE `vendors_bank_details`
  ADD PRIMARY KEY (`id`);

--
-- Indexes for table `vendors_business_details`
--
ALTER TABLE `vendors_business_details`
  ADD PRIMARY KEY (`id`);

--
-- AUTO_INCREMENT for dumped tables
--

--
-- AUTO_INCREMENT for table `admins`
--
ALTER TABLE `admins`
  MODIFY `id` bigint(20) UNSIGNED NOT NULL AUTO_INCREMENT, AUTO_INCREMENT=19;

--
-- AUTO_INCREMENT for table `apps_countries`
--
ALTER TABLE `apps_countries`
  MODIFY `id` int(11) NOT NULL AUTO_INCREMENT, AUTO_INCREMENT=247;

--
-- AUTO_INCREMENT for table `banners`
--
ALTER TABLE `banners`
  MODIFY `id` bigint(20) UNSIGNED NOT NULL AUTO_INCREMENT, AUTO_INCREMENT=9;

--
-- AUTO_INCREMENT for table `brands`
--
ALTER TABLE `brands`
  MODIFY `id` bigint(20) UNSIGNED NOT NULL AUTO_INCREMENT, AUTO_INCREMENT=13;

--
-- AUTO_INCREMENT for table `carts`
--
ALTER TABLE `carts`
  MODIFY `id` bigint(20) UNSIGNED NOT NULL AUTO_INCREMENT, AUTO_INCREMENT=9;

--
-- AUTO_INCREMENT for table `categories`
--
ALTER TABLE `categories`
  MODIFY `id` bigint(20) UNSIGNED NOT NULL AUTO_INCREMENT, AUTO_INCREMENT=7;

--
-- AUTO_INCREMENT for table `cms_pages`
--
ALTER TABLE `cms_pages`
  MODIFY `id` bigint(20) UNSIGNED NOT NULL AUTO_INCREMENT, AUTO_INCREMENT=4;

--
-- AUTO_INCREMENT for table `cod_pincodes`
--
ALTER TABLE `cod_pincodes`
  MODIFY `id` int(11) NOT NULL AUTO_INCREMENT, AUTO_INCREMENT=1350;

--
-- AUTO_INCREMENT for table `countries`
--
ALTER TABLE `countries`
  MODIFY `id` int(11) NOT NULL AUTO_INCREMENT, AUTO_INCREMENT=247;

--
-- AUTO_INCREMENT for table `coupons`
--
ALTER TABLE `coupons`
  MODIFY `id` bigint(20) UNSIGNED NOT NULL AUTO_INCREMENT, AUTO_INCREMENT=11;

--
-- AUTO_INCREMENT for table `delivery_addresses`
--
ALTER TABLE `delivery_addresses`
  MODIFY `id` bigint(20) UNSIGNED NOT NULL AUTO_INCREMENT, AUTO_INCREMENT=11;

--
-- AUTO_INCREMENT for table `failed_jobs`
--
ALTER TABLE `failed_jobs`
  MODIFY `id` bigint(20) UNSIGNED NOT NULL AUTO_INCREMENT;

--
-- AUTO_INCREMENT for table `migrations`
--
ALTER TABLE `migrations`
  MODIFY `id` int(10) UNSIGNED NOT NULL AUTO_INCREMENT, AUTO_INCREMENT=37;

--
-- AUTO_INCREMENT for table `newsletter_subscribers`
--
ALTER TABLE `newsletter_subscribers`
  MODIFY `id` bigint(20) UNSIGNED NOT NULL AUTO_INCREMENT, AUTO_INCREMENT=4;

--
-- AUTO_INCREMENT for table `orders`
--
ALTER TABLE `orders`
  MODIFY `id` bigint(20) UNSIGNED NOT NULL AUTO_INCREMENT, AUTO_INCREMENT=35;

--
-- AUTO_INCREMENT for table `orders_logs`
--
ALTER TABLE `orders_logs`
  MODIFY `id` bigint(20) UNSIGNED NOT NULL AUTO_INCREMENT, AUTO_INCREMENT=13;

--
-- AUTO_INCREMENT for table `orders_products`
--
ALTER TABLE `orders_products`
  MODIFY `id` bigint(20) UNSIGNED NOT NULL AUTO_INCREMENT, AUTO_INCREMENT=54;

--
-- AUTO_INCREMENT for table `order_item_statuses`
--
ALTER TABLE `order_item_statuses`
  MODIFY `id` bigint(20) UNSIGNED NOT NULL AUTO_INCREMENT, AUTO_INCREMENT=10;

--
-- AUTO_INCREMENT for table `order_statuses`
--
ALTER TABLE `order_statuses`
  MODIFY `id` bigint(20) UNSIGNED NOT NULL AUTO_INCREMENT, AUTO_INCREMENT=10;

--
-- AUTO_INCREMENT for table `payments`
--
ALTER TABLE `payments`
  MODIFY `id` bigint(20) UNSIGNED NOT NULL AUTO_INCREMENT;

--
-- AUTO_INCREMENT for table `personal_access_tokens`
--
ALTER TABLE `personal_access_tokens`
  MODIFY `id` bigint(20) UNSIGNED NOT NULL AUTO_INCREMENT;

--
-- AUTO_INCREMENT for table `prepaid_pincodes`
--
ALTER TABLE `prepaid_pincodes`
  MODIFY `id` int(11) NOT NULL AUTO_INCREMENT, AUTO_INCREMENT=1350;

--
-- AUTO_INCREMENT for table `products`
--
ALTER TABLE `products`
  MODIFY `id` bigint(20) UNSIGNED NOT NULL AUTO_INCREMENT, AUTO_INCREMENT=15;

--
-- AUTO_INCREMENT for table `products_attributes`
--
ALTER TABLE `products_attributes`
  MODIFY `id` bigint(20) UNSIGNED NOT NULL AUTO_INCREMENT, AUTO_INCREMENT=16;

--
-- AUTO_INCREMENT for table `products_filters`
--
ALTER TABLE `products_filters`
  MODIFY `id` bigint(20) UNSIGNED NOT NULL AUTO_INCREMENT, AUTO_INCREMENT=7;

--
-- AUTO_INCREMENT for table `products_filters_values`
--
ALTER TABLE `products_filters_values`
  MODIFY `id` bigint(20) UNSIGNED NOT NULL AUTO_INCREMENT, AUTO_INCREMENT=7;

--
-- AUTO_INCREMENT for table `products_images`
--
ALTER TABLE `products_images`
  MODIFY `id` bigint(20) UNSIGNED NOT NULL AUTO_INCREMENT, AUTO_INCREMENT=10;

--
-- AUTO_INCREMENT for table `ratings`
--
ALTER TABLE `ratings`
  MODIFY `id` bigint(20) UNSIGNED NOT NULL AUTO_INCREMENT, AUTO_INCREMENT=6;

--
-- AUTO_INCREMENT for table `recently_viewed_products`
--
ALTER TABLE `recently_viewed_products`
  MODIFY `id` bigint(20) UNSIGNED NOT NULL AUTO_INCREMENT, AUTO_INCREMENT=94;

--
-- AUTO_INCREMENT for table `sections`
--
ALTER TABLE `sections`
  MODIFY `id` bigint(20) UNSIGNED NOT NULL AUTO_INCREMENT, AUTO_INCREMENT=5;

--
-- AUTO_INCREMENT for table `shipping_charges`
--
ALTER TABLE `shipping_charges`
  MODIFY `id` bigint(20) UNSIGNED NOT NULL AUTO_INCREMENT, AUTO_INCREMENT=247;

--
-- AUTO_INCREMENT for table `users`
--
ALTER TABLE `users`
  MODIFY `id` int(11) NOT NULL AUTO_INCREMENT, AUTO_INCREMENT=33;

--
-- AUTO_INCREMENT for table `vendors`
--
ALTER TABLE `vendors`
  MODIFY `id` bigint(20) UNSIGNED NOT NULL AUTO_INCREMENT, AUTO_INCREMENT=2;

--
-- AUTO_INCREMENT for table `vendors_bank_details`
--
ALTER TABLE `vendors_bank_details`
  MODIFY `id` bigint(20) UNSIGNED NOT NULL AUTO_INCREMENT, AUTO_INCREMENT=2;

--
-- AUTO_INCREMENT for table `vendors_business_details`
--
ALTER TABLE `vendors_business_details`
  MODIFY `id` bigint(20) UNSIGNED NOT NULL AUTO_INCREMENT, AUTO_INCREMENT=2;
COMMIT;

/*!40101 SET CHARACTER_SET_CLIENT=@OLD_CHARACTER_SET_CLIENT */;
/*!40101 SET CHARACTER_SET_RESULTS=@OLD_CHARACTER_SET_RESULTS */;
/*!40101 SET COLLATION_CONNECTION=@OLD_COLLATION_CONNECTION */;
